chieuDai,chieuNgang,dienTich,Gia/m2,Phongngu,SoTang,PhongTam,Loai,GiayTo,TinhTrangNoiThat,Phuong
12.0,3.75,42.0,4345.416666666667,3,3.0,3.0,"nhà ngõ, hẻm",đã có sổ,nội thất cao cấp,phường bình trị đông
18.0,6.4,112.0,2522.5,7,2.0,7.0,"nhà ngõ, hẻm",đã có sổ,hoàn thiện cơ bản,phường bình hưng hoà a
10.0,4.5,45.0,4212.916666666667,4,3.0,3.0,"nhà ngõ, hẻm",đã có sổ,nội thất cao cấp,phường bình trị đông
16.0,4.0,64.0,3775.8333333333335,3,2.0,4.0,"nhà ngõ, hẻm",đã có sổ,,phường bình hưng hòa
10.0,4.0,40.0,3125.0,3,2.0,3.0,"nhà ngõ, hẻm",đã có sổ,nội thất đầy đủ,phường bình hưng hoà a
12.0,4.0,48.0,2604.1666666666665,3,2.0,2.0,"nhà ngõ, hẻm",đã có sổ,nội thất đầy đủ,phường bình hưng hoà a
10.0,4.0,40.0,4010.4166666666665,2,2.0,2.0,"nhà ngõ, hẻm",đã có sổ,nội thất cao cấp,phường bình hưng hoà a
12.0,4.0,48.0,6510.416666666667,4,4.0,5.0,"nhà mặt phố, mặt tiền",đã có sổ,nội thất đầy đủ,phường an lạc a
4.0,3.0,12.0,3455.0,2,1.0,2.0,"nhà ngõ, hẻm",đã có sổ,hoàn thiện cơ bản,phường bình trị đông a
14.0,4.0,56.0,4241.25,5,4.0,5.0,"nhà ngõ, hẻm",đã có sổ,,phường bình trị đông
21.5,4.0,86.0,2713.3333333333335,5,4.0,6.0,"nhà ngõ, hẻm",,nội thất cao cấp,phường bình trị đông
18.0,4.0,72.0,3443.3333333333335,5,4.0,5.0,"nhà mặt phố, mặt tiền",đã có sổ,nội thất cao cấp,phường bình trị đông
16.0,4.0,64.0,3841.25,4,4.0,4.0,"nhà ngõ, hẻm",đã có sổ,,phường bình hưng hòa
10.0,4.0,40.0,3302.0833333333335,2,2.0,2.0,"nhà ngõ, hẻm",đã có sổ,nội thất đầy đủ,phường bình hưng hòa
18.0,4.0,72.0,4050.8333333333335,5,4.0,3.0,"nhà ngõ, hẻm",đã có sổ,nội thất cao cấp,phường bình trị đông
10.0,4.0,40.0,2166.6666666666665,4,2.0,3.0,"nhà ngõ, hẻm",đã có sổ,nội thất đầy đủ,phường bình hưng hoà b
13.0,4.7,62.0,2822.5,4,3.0,3.0,"nhà ngõ, hẻm",đã có sổ,nội thất đầy đủ,phường tân tạo
11.5,4.5,51.0,3553.75,2,2.0,2.0,"nhà ngõ, hẻm",đã có sổ,nội thất cao cấp,phường tân tạo
15.5,4.0,62.0,4099.583333333333,4,5.0,4.0,"nhà ngõ, hẻm",đã có sổ,nội thất đầy đủ,phường bình trị đông a
30.0,4.0,120.0,2810.8333333333335,2,1.0,2.0,"nhà ngõ, hẻm",đã có sổ,,phường tân tạo
15.0,4.0,60.0,3742.9166666666665,3,2.0,3.0,"nhà mặt phố, mặt tiền",đã có sổ,nội thất cao cấp,phường bình trị đông a
9.0,4.0,36.0,3240.8333333333335,2,2.0,2.0,"nhà ngõ, hẻm",đã có sổ,nội thất đầy đủ,phường bình hưng hòa
8.0,4.0,32.0,2213.3333333333335,2,3.0,2.0,"nhà ngõ, hẻm",sổ chung / công chứng vi bằng,hoàn thiện cơ bản,phường tân tạo a
14.0,4.0,56.0,2976.25,3,3.0,3.0,"nhà ngõ, hẻm",đã có sổ,nội thất cao cấp,phường bình trị đông a
10.0,5.0,50.0,4208.333333333333,5,3.0,3.0,"nhà ngõ, hẻm",đã có sổ,hoàn thiện cơ bản,phường tân tạo
20.0,4.0,80.0,2760.4166666666665,2,2.0,3.0,"nhà ngõ, hẻm",đã có sổ,nội thất đầy đủ,phường bình hưng hòa
10.0,4.0,40.0,3802.0833333333335,2,2.0,2.0,"nhà ngõ, hẻm",đã có sổ,,phường bình trị đông
14.0,4.0,56.0,3935.8333333333335,4,4.0,3.0,"nhà mặt phố, mặt tiền",đã có sổ,nội thất cao cấp,phường tân tạo
13.0,5.0,65.0,628.3333333333334,3,2.0,2.0,"nhà mặt phố, mặt tiền",đã có sổ,nội thất đầy đủ,phường bình trị đông a
12.0,4.0,48.0,3906.25,3,3.0,3.0,"nhà ngõ, hẻm",đã có sổ,nội thất cao cấp,phường bình trị đông
10.0,4.0,40.0,3947.9166666666665,3,3.0,2.0,"nhà ngõ, hẻm",đã có sổ,hoàn thiện cơ bản,phường bình trị đông
7.0,3.2,22.0,4735.0,2,2.0,2.0,"nhà ngõ, hẻm",đã có sổ,,phường bình trị đông
12.0,4.0,48.0,3906.25,4,3.0,3.0,"nhà ngõ, hẻm",đã có sổ,,phường bình trị đông
12.0,4.0,48.0,3472.0833333333335,3,3.0,4.0,"nhà mặt phố, mặt tiền",đã có sổ,hoàn thiện cơ bản,phường bình hưng hoà a
17.0,4.0,68.0,3063.75,4,4.0,4.0,"nhà ngõ, hẻm",đã có sổ,nội thất cao cấp,phường bình hưng hòa
10.0,4.0,40.0,2062.5,2,1.0,2.0,"nhà ngõ, hẻm",đã có sổ,,phường tân tạo
10.0,5.0,50.0,3208.3333333333335,3,3.0,3.0,"nhà mặt phố, mặt tiền",đang chờ sổ,hoàn thiện cơ bản,phường an lạc
12.0,4.0,48.0,3168.3333333333335,2,2.0,2.0,"nhà ngõ, hẻm",đã có sổ,nội thất cao cấp,phường an lạc a
18.5,5.0,93.0,2464.1666666666665,2,1.0,2.0,"nhà ngõ, hẻm",đã có sổ,,phường bình trị đông
15.0,4.2,62.0,2688.3333333333335,4,3.0,3.0,"nhà ngõ, hẻm",đã có sổ,nội thất cao cấp,phường bình hưng hoà a
12.0,4.0,48.0,1822.9166666666667,4,2.0,3.0,"nhà ngõ, hẻm",đã có sổ,hoàn thiện cơ bản,phường bình hưng hoà b
6.928203230275509,6.928203230275509,48.0,1822.9166666666667,4,2.0,3.0,"nhà ngõ, hẻm",đã có sổ,hoàn thiện cơ bản,phường bình hưng hoà b
19.0,5.0,100.0,5829.166666666667,3,2.0,2.0,"nhà mặt phố, mặt tiền",đã có sổ,nội thất cao cấp,phường bình hưng hoà a
14.0,4.0,56.0,4017.9166666666665,4,3.0,4.0,"nhà ngõ, hẻm",đã có sổ,hoàn thiện cơ bản,phường bình trị đông a
8.2,5.8,44.0,3267.0833333333335,2,2.0,2.0,"nhà ngõ, hẻm",đã có sổ,,phường bình trị đông a
16.0,4.0,64.0,5664.166666666667,4,4.0,5.0,"nhà mặt phố, mặt tiền",đã có sổ,nội thất đầy đủ,phường an lạc a
21.0,6.0,126.0,4464.166666666667,1,1.0,1.0,"nhà mặt phố, mặt tiền",đã có sổ,,phường bình trị đông b
6.928203230275509,6.928203230275509,48.0,1866.25,4,3.0,3.0,"nhà ngõ, hẻm",đã có sổ,,phường bình hưng hoà b
10.0,3.8,38.0,2719.1666666666665,4,2.0,3.0,"nhà ngõ, hẻm",đang chờ sổ,nội thất đầy đủ,phường bình hưng hoà b
16.0,4.0,64.0,3580.8333333333335,6,4.0,5.0,"nhà mặt phố, mặt tiền",đã có sổ,nội thất cao cấp,phường an lạc
17.0,4.0,66.2,3965.4166666666665,4,4.0,4.0,"nhà ngõ, hẻm",đã có sổ,,phường an lạc
13.0,5.6,73.0,1940.8333333333333,2,2.0,2.0,"nhà ngõ, hẻm",đã có sổ,,phường bình hưng hoà b
20.0,4.0,77.0,3490.4166666666665,1,1.0,1.0,"nhà mặt phố, mặt tiền",đã có sổ,,phường an lạc a
21.0,4.0,84.0,4612.916666666667,2,2.0,2.0,"nhà mặt phố, mặt tiền",đã có sổ,hoàn thiện cơ bản,phường bình trị đông b
16.0,3.1,48.0,3125.0,2,1.0,1.0,"nhà mặt phố, mặt tiền",đã có sổ,,phường tân tạo
26.0,4.0,104.0,5128.333333333333,8,2.0,7.0,"nhà mặt phố, mặt tiền",đã có sổ,,phường bình trị đông
38.0,7.0,270.0,3240.8333333333335,3,2.0,3.0,"nhà mặt phố, mặt tiền",đã có sổ,nội thất đầy đủ,phường an lạc
8.0,3.5,30.0,2888.75,2,1.0,2.0,"nhà ngõ, hẻm",đã có sổ,hoàn thiện cơ bản,phường bình hưng hoà a
18.0,4.0,70.0,3630.8333333333335,2,2.0,2.0,"nhà mặt phố, mặt tiền",đã có sổ,nội thất đầy đủ,phường an lạc
20.0,4.0,81.0,2664.5833333333335,2,2.0,2.0,"nhà ngõ, hẻm",đã có sổ,nội thất đầy đủ,phường bình trị đông
9.0,4.0,37.0,3378.3333333333335,3,2.0,3.0,nhà phố liền kề,đã có sổ,nội thất đầy đủ,phường bình hưng hoà b
14.0,4.0,58.0,2550.4166666666665,3,3.0,3.0,nhà phố liền kề,đã có sổ,nội thất cao cấp,phường bình hưng hoà b
11.5,4.0,45.0,3138.75,2,2.0,2.0,nhà phố liền kề,đã có sổ,nội thất cao cấp,phường bình hưng hoà b
14.0,4.0,54.0,3626.6666666666665,4,4.0,5.0,nhà phố liền kề,đã có sổ,nội thất cao cấp,phường bình hưng hoà b
8.5,3.8,32.0,4882.916666666667,2,2.0,2.0,"nhà ngõ, hẻm",đã có sổ,hoàn thiện cơ bản,phường bình hưng hoà a
20.0,4.0,80.0,6510.416666666667,5,3.0,4.0,"nhà mặt phố, mặt tiền",đã có sổ,hoàn thiện cơ bản,phường tân tạo
12.0,5.4,64.8,2443.3333333333335,1,1.0,1.0,"nhà ngõ, hẻm",đã có sổ,hoàn thiện cơ bản,phường bình trị đông a
20.0,5.0,100.0,3287.5,1,1.0,1.0,nhà phố liền kề,đã có sổ,hoàn thiện cơ bản,phường tân tạo
11.0,4.0,44.0,3645.8333333333335,2,2.0,2.0,"nhà ngõ, hẻm",đã có sổ,nội thất cao cấp,phường bình hưng hòa
11.0,4.0,45.0,3787.0833333333335,3,3.0,3.0,"nhà ngõ, hẻm",đã có sổ,,phường bình trị đông a
16.0,4.0,64.0,4550.833333333333,4,3.0,4.0,"nhà mặt phố, mặt tiền",đã có sổ,hoàn thiện cơ bản,phường an lạc
10.0,4.0,40.0,3302.0833333333335,2,2.0,2.0,"nhà ngõ, hẻm",đã có sổ,,phường bình hưng hòa
30.0,4.0,106.0,2987.5,8,4.0,6.0,nhà phố liền kề,đã có sổ,nội thất đầy đủ,phường bình trị đông a
15.0,4.0,64.0,3841.25,3,2.0,4.0,"nhà mặt phố, mặt tiền",đã có sổ,,phường bình hưng hòa
11.0,4.0,44.0,3579.5833333333335,2,2.0,2.0,"nhà ngõ, hẻm",đã có sổ,hoàn thiện cơ bản,phường bình hưng hoà a
5.0,4.0,20.0,4791.666666666667,2,2.0,2.0,"nhà ngõ, hẻm",đang chờ sổ,,phường bình hưng hoà a
20.0,5.0,100.0,5000.0,5,3.0,6.0,"nhà mặt phố, mặt tiền",đã có sổ,,phường bình trị đông b
25.0,4.0,100.0,3000.0,1,1.0,1.0,"nhà ngõ, hẻm",đã có sổ,,phường an lạc a
16.0,4.0,64.0,3580.8333333333335,3,2.0,3.0,"nhà mặt phố, mặt tiền",đã có sổ,,phường bình hưng hoà a
13.0,4.0,50.0,4158.333333333333,4,4.0,5.0,"nhà mặt phố, mặt tiền",đã có sổ,nội thất cao cấp,phường bình hưng hoà b
15.0,4.0,60.0,2555.4166666666665,2,2.0,2.0,"nhà ngõ, hẻm",đã có sổ,nội thất đầy đủ,phường bình hưng hoà b
20.0,5.0,100.0,3000.0,3,2.0,2.0,"nhà mặt phố, mặt tiền",đã có sổ,nội thất cao cấp,phường bình hưng hoà b
11.7,4.0,48.0,3732.5,2,2.0,2.0,"nhà ngõ, hẻm",đã có sổ,nội thất đầy đủ,phường bình trị đông a
14.0,4.0,56.0,6398.75,3,4.0,3.0,"nhà ngõ, hẻm",đã có sổ,nội thất cao cấp,phường bình trị đông b
12.0,4.0,48.0,3298.75,2,1.0,2.0,"nhà ngõ, hẻm",đã có sổ,hoàn thiện cơ bản,phường bình trị đông
14.0,4.2,58.0,3448.3333333333335,3,3.0,3.0,"nhà ngõ, hẻm",đã có sổ,nội thất đầy đủ,phường bình trị đông a
7.0,4.0,28.0,2976.25,2,2.0,2.0,"nhà ngõ, hẻm",đã có sổ,bàn giao thô,phường bình trị đông
12.5,4.0,50.0,4041.6666666666665,4,3.0,3.0,"nhà ngõ, hẻm",đã có sổ,hoàn thiện cơ bản,phường bình hưng hoà b
9.0,4.0,37.0,3322.0833333333335,2,2.0,2.0,"nhà ngõ, hẻm",đã có sổ,hoàn thiện cơ bản,phường bình hưng hòa
11.0,4.0,44.0,3645.8333333333335,2,2.0,2.0,"nhà ngõ, hẻm",đã có sổ,nội thất đầy đủ,phường bình hưng hòa
15.0,4.0,60.0,2979.1666666666665,4,2.0,3.0,"nhà mặt phố, mặt tiền",đã có sổ,nội thất đầy đủ,phường bình hưng hòa
19.0,6.0,114.0,3435.8333333333335,4,2.0,3.0,"nhà mặt phố, mặt tiền",đã có sổ,,phường bình hưng hoà b
14.0,4.0,56.0,3608.75,4,6.0,4.0,nhà phố liền kề,đã có sổ,nội thất đầy đủ,phường bình hưng hoà b
19.0,6.0,114.0,4897.5,7,3.0,5.0,"nhà mặt phố, mặt tiền",đã có sổ,,phường bình hưng hoà b
15.0,4.0,60.0,5208.333333333333,1,1.0,1.0,"nhà mặt phố, mặt tiền",đã có sổ,,phường bình hưng hoà b
17.0,4.0,68.0,3670.4166666666665,5,4.0,6.0,"nhà ngõ, hẻm",đã có sổ,nội thất đầy đủ,phường bình trị đông a
6.5,4.3,28.0,3050.4166666666665,1,1.0,1.0,"nhà ngõ, hẻm",đã có sổ,nội thất đầy đủ,phường bình trị đông
12.0,5.4,64.0,2311.25,1,1.0,1.0,"nhà mặt phố, mặt tiền",đã có sổ,,phường bình trị đông a
20.0,4.0,80.0,3171.6666666666665,4,2.0,2.0,"nhà mặt phố, mặt tiền",đã có sổ,nội thất đầy đủ,phường bình hưng hoà a
23.0,4.0,92.0,4529.166666666667,2,1.0,2.0,"nhà mặt phố, mặt tiền",đã có sổ,,phường bình hưng hoà a
13.0,6.0,78.0,4700.833333333333,3,3.0,3.0,"nhà ngõ, hẻm",đã có sổ,nội thất đầy đủ,phường bình hưng hoà a
12.0,4.5,53.5,2126.25,2,1.0,2.0,"nhà ngõ, hẻm",đã có sổ,nội thất đầy đủ,phường bình hưng hoà b
15.0,4.0,61.0,3927.5,4,4.0,5.0,"nhà ngõ, hẻm",đã có sổ,nội thất đầy đủ,phường bình trị đông
14.0,8.02,112.1,1747.0833333333333,6,1.0,5.0,"nhà ngõ, hẻm",đã có sổ,,phường bình hưng hoà b
12.0,4.0,48.0,4687.5,4,4.0,5.0,"nhà ngõ, hẻm",đã có sổ,hoàn thiện cơ bản,phường bình trị đông
8.0,4.0,32.0,5065.0,5,5.0,5.0,"nhà ngõ, hẻm",đã có sổ,hoàn thiện cơ bản,phường bình hưng hòa
14.0,4.1,54.0,3665.0,3,3.0,3.0,nhà phố liền kề,đã có sổ,nội thất đầy đủ,phường bình hưng hòa
17.0,4.0,68.0,3676.6666666666665,4,3.0,4.0,"nhà ngõ, hẻm",đã có sổ,nội thất cao cấp,phường bình hưng hoà a
9.5,4.0,38.0,3289.5833333333335,3,2.0,3.0,"nhà ngõ, hẻm",đã có sổ,nội thất đầy đủ,phường bình trị đông
12.0,4.0,47.0,3812.0833333333335,2,2.0,2.0,"nhà ngõ, hẻm",đã có sổ,hoàn thiện cơ bản,phường bình hưng hòa
8.0,3.0,24.5,4217.5,1,2.0,1.0,"nhà ngõ, hẻm",đã có sổ,hoàn thiện cơ bản,phường bình hưng hoà a
15.0,4.0,60.0,3742.9166666666665,3,3.0,3.0,"nhà ngõ, hẻm",đã có sổ,,phường bình trị đông a
15.5,4.0,64.0,3580.8333333333335,5,4.0,6.0,"nhà ngõ, hẻm",đã có sổ,nội thất đầy đủ,phường bình hưng hoà b
16.5,4.0,66.0,1704.5833333333333,2,2.0,1.0,nhà phố liền kề,đã có sổ,bàn giao thô,phường tân tạo
10.0,4.0,40.0,3729.1666666666665,3,2.0,2.0,"nhà ngõ, hẻm",đã có sổ,hoàn thiện cơ bản,phường bình trị đông
14.5,4.0,57.0,3801.25,4,1.0,3.0,"nhà ngõ, hẻm",đã có sổ,,phường bình trị đông b
12.0,4.0,48.0,3559.1666666666665,4,2.0,4.0,"nhà ngõ, hẻm",đã có sổ,,phường tân tạo
12.0,5.0,59.0,3862.9166666666665,3,2.0,2.0,"nhà mặt phố, mặt tiền",đã có sổ,nội thất cao cấp,phường bình hưng hòa
16.0,4.5,72.0,2951.25,4,3.0,4.0,"nhà ngõ, hẻm",đã có sổ,,phường an lạc
19.0,4.0,76.0,2467.0833333333335,5,5.0,5.0,"nhà ngõ, hẻm",đã có sổ,nội thất cao cấp,phường bình hưng hoà b
15.0,4.0,60.0,3611.25,2,1.0,2.0,"nhà mặt phố, mặt tiền",đã có sổ,,phường bình hưng hòa
10.0,3.0,30.0,4375.0,2,2.0,2.0,nhà phố liền kề,đã có sổ,nội thất đầy đủ,phường bình hưng hòa
12.0,4.0,48.0,3255.0,2,2.0,2.0,"nhà ngõ, hẻm",đã có sổ,nội thất đầy đủ,phường bình hưng hoà b
15.0,4.0,60.0,3750.0,3,3.0,3.0,"nhà ngõ, hẻm",đã có sổ,nội thất cao cấp,phường bình hưng hòa
10.0,4.0,41.0,4756.25,4,4.0,4.0,"nhà ngõ, hẻm",đã có sổ,,phường bình hưng hòa
14.0,5.1,71.0,2728.75,2,2.0,2.0,"nhà ngõ, hẻm",đã có sổ,,phường bình hưng hoà a
21.0,4.5,90.0,4166.666666666667,4,4.0,4.0,"nhà mặt phố, mặt tiền",đã có sổ,,phường an lạc a
24.5,5.0,122.5,1938.75,3,1.0,3.0,"nhà ngõ, hẻm",đã có sổ,bàn giao thô,phường bình hưng hoà a
18.0,6.0,104.0,2884.5833333333335,4,4.0,4.0,"nhà ngõ, hẻm",đã có sổ,hoàn thiện cơ bản,phường bình trị đông a
14.8,4.0,59.8,2577.9166666666665,2,1.0,1.0,"nhà ngõ, hẻm",đã có sổ,hoàn thiện cơ bản,phường bình hưng hoà b
11.0,4.0,44.0,4261.25,3,2.0,2.0,"nhà mặt phố, mặt tiền",đã có sổ,hoàn thiện cơ bản,phường bình hưng hòa
17.0,4.0,68.0,2665.4166666666665,3,1.0,2.0,"nhà ngõ, hẻm",đã có sổ,hoàn thiện cơ bản,phường bình trị đông
18.0,4.0,72.0,3929.5833333333335,4,4.0,5.0,"nhà ngõ, hẻm",đã có sổ,nội thất đầy đủ,phường bình trị đông a
10.0,4.0,40.0,4375.0,4,3.0,4.0,"nhà ngõ, hẻm",đã có sổ,,phường bình trị đông a
13.0,5.0,65.0,3333.3333333333335,4,3.0,3.0,"nhà mặt phố, mặt tiền",đã có sổ,nội thất cao cấp,phường bình trị đông a
19.0,10.0,190.0,5263.333333333333,4,2.0,4.0,nhà biệt thự,đã có sổ,,phường bình trị đông b
8.0,3.0,24.0,4427.083333333333,2,2.0,2.0,"nhà ngõ, hẻm",đã có sổ,nội thất đầy đủ,phường bình hưng hoà a
15.5,4.0,62.0,3360.4166666666665,5,4.0,4.0,"nhà ngõ, hẻm",đã có sổ,nội thất cao cấp,phường bình hưng hoà a
6.5,4.0,25.0,3333.3333333333335,2,2.0,2.0,"nhà ngõ, hẻm",đã có sổ,nội thất đầy đủ,phường bình trị đông
16.0,4.0,64.0,3255.0,4,3.0,5.0,"nhà ngõ, hẻm",đã có sổ,hoàn thiện cơ bản,phường bình hưng hoà b
12.0,4.0,48.0,3168.3333333333335,2,2.0,2.0,"nhà ngõ, hẻm",đã có sổ,nội thất cao cấp,phường an lạc a
14.0,4.0,56.0,2864.5833333333335,2,2.0,2.0,"nhà ngõ, hẻm",đã có sổ,nội thất đầy đủ,phường bình hưng hoà b
14.0,4.0,56.0,3943.3333333333335,4,3.0,5.0,"nhà ngõ, hẻm",đã có sổ,,phường tân tạo
15.0,4.0,60.0,3465.4166666666665,3,3.0,3.0,"nhà ngõ, hẻm",đã có sổ,nội thất đầy đủ,phường bình trị đông
16.0,4.0,64.0,4069.1666666666665,4,4.0,5.0,"nhà ngõ, hẻm",đã có sổ,hoàn thiện cơ bản,phường bình hưng hòa
14.0,4.2,60.0,3465.4166666666665,3,3.0,3.0,"nhà ngõ, hẻm",đã có sổ,nội thất đầy đủ,phường bình trị đông a
10.0,4.5,38.0,5811.25,4,2.0,3.0,"nhà mặt phố, mặt tiền",đã có sổ,nội thất đầy đủ,phường bình hưng hòa
13.0,4.0,55.0,3787.9166666666665,4,3.0,5.0,"nhà ngõ, hẻm",đã có sổ,nội thất đầy đủ,phường tân tạo
16.0,4.0,64.0,5664.166666666667,4,2.0,5.0,"nhà mặt phố, mặt tiền",đã có sổ,nội thất đầy đủ,phường an lạc a
8.0,5.0,40.0,2864.5833333333335,2,2.0,2.0,"nhà ngõ, hẻm",đã có sổ,nội thất đầy đủ,phường bình hưng hoà b
20.0,5.0,100.0,5625.0,4,4.0,4.0,"nhà mặt phố, mặt tiền",đã có sổ,,phường bình trị đông b
18.0,4.0,70.0,3035.8333333333335,2,1.0,2.0,"nhà mặt phố, mặt tiền",đã có sổ,nội thất đầy đủ,phường bình hưng hoà a
13.0,4.6,59.8,4110.833333333333,5,4.0,5.0,"nhà ngõ, hẻm",đã có sổ,,phường bình hưng hoà a
12.0,4.2,50.0,4166.666666666667,3,3.0,3.0,"nhà ngõ, hẻm",đã có sổ,nội thất đầy đủ,phường bình hưng hòa
12.0,4.0,48.0,3862.9166666666665,4,3.0,2.0,"nhà ngõ, hẻm",đã có sổ,,phường bình trị đông
17.0,4.0,68.0,2880.0,4,3.0,5.0,"nhà ngõ, hẻm",đã có sổ,hoàn thiện cơ bản,phường bình hưng hoà b
20.0,5.0,100.0,541.6666666666666,2,1.0,2.0,"nhà mặt phố, mặt tiền",đã có sổ,nội thất cao cấp,phường tân tạo a
7.0,3.0,21.0,4900.833333333333,3,2.0,3.0,"nhà ngõ, hẻm",đã có sổ,hoàn thiện cơ bản,phường bình hưng hoà a
15.0,4.0,60.0,3750.0,3,3.0,3.0,"nhà ngõ, hẻm",đã có sổ,nội thất cao cấp,phường bình trị đông
20.0,8.0,160.0,7031.25,6,4.0,6.0,nhà biệt thự,đã có sổ,,phường bình trị đông b
14.0,5.6,79.0,1793.3333333333333,2,2.0,2.0,"nhà ngõ, hẻm",đã có sổ,nội thất đầy đủ,phường bình hưng hoà b
9.0,5.6,50.4,4050.8333333333335,3,2.0,4.0,"nhà mặt phố, mặt tiền",đã có sổ,nội thất cao cấp,phường tân tạo
18.1,5.5,102.0,2982.0833333333335,5,3.0,5.0,"nhà ngõ, hẻm",đã có sổ,hoàn thiện cơ bản,phường bình hưng hoà b
15.0,4.0,60.0,3750.0,3,3.0,3.0,"nhà ngõ, hẻm",đã có sổ,nội thất đầy đủ,phường bình trị đông a
20.0,4.0,80.0,2682.5,4,2.0,3.0,"nhà ngõ, hẻm",đã có sổ,hoàn thiện cơ bản,phường tân tạo a
8.0,4.0,32.0,3515.8333333333335,2,2.0,2.0,"nhà ngõ, hẻm",đã có sổ,hoàn thiện cơ bản,phường bình hưng hoà b
14.0,4.0,56.0,3645.8333333333335,4,3.0,3.0,"nhà ngõ, hẻm",đã có sổ,nội thất cao cấp,phường bình hưng hoà a
4.0,7.5,30.0,5527.916666666667,2,2.0,2.0,"nhà mặt phố, mặt tiền",đã có sổ,,phường bình trị đông
16.0,4.0,64.0,2929.5833333333335,4,2.0,4.0,"nhà ngõ, hẻm",đã có sổ,nội thất đầy đủ,phường bình trị đông a
15.0,5.9,89.0,3042.9166666666665,6,2.0,4.0,"nhà mặt phố, mặt tiền",đã có sổ,,phường bình hưng hòa
15.0,4.0,60.0,4132.083333333333,5,3.0,4.0,"nhà ngõ, hẻm",đã có sổ,,phường bình hưng hoà a
8.0,4.0,32.0,3125.0,2,1.0,2.0,"nhà ngõ, hẻm",đã có sổ,,phường tân tạo
15.0,4.0,60.0,2916.6666666666665,2,2.0,2.0,"nhà ngõ, hẻm",đã có sổ,hoàn thiện cơ bản,phường bình hưng hòa
14.0,4.0,56.0,3943.3333333333335,4,4.0,3.0,"nhà ngõ, hẻm",đã có sổ,nội thất cao cấp,phường tân tạo
14.0,4.0,56.0,4910.833333333333,7,4.0,4.0,"nhà mặt phố, mặt tiền",đã có sổ,nội thất đầy đủ,phường an lạc
16.0,4.0,64.0,3580.8333333333335,4,4.0,3.0,"nhà ngõ, hẻm",đã có sổ,nội thất đầy đủ,phường bình trị đông a
40.0,4.3,158.0,1714.1666666666667,1,1.0,1.0,"nhà ngõ, hẻm",đã có sổ,,phường bình trị đông a
10.0,4.0,42.0,4315.416666666667,2,2.0,2.0,"nhà mặt phố, mặt tiền",đã có sổ,hoàn thiện cơ bản,phường bình hưng hoà a
12.0,4.0,48.0,3125.0,3,3.0,3.0,"nhà ngõ, hẻm",đã có sổ,nội thất đầy đủ,phường tân tạo
19.0,4.0,76.0,3563.75,5,4.0,5.0,"nhà ngõ, hẻm",đã có sổ,,phường bình hưng hòa
14.0,3.0,52.0,2323.75,4,3.0,3.0,"nhà ngõ, hẻm",đã có sổ,,phường tân tạo
12.0,4.5,50.0,5750.0,5,3.0,5.0,nhà phố liền kề,đã có sổ,hoàn thiện cơ bản,phường an lạc
10.0,4.0,40.0,2447.9166666666665,2,2.0,2.0,"nhà mặt phố, mặt tiền",đã có sổ,nội thất đầy đủ,phường tân tạo
10.0,4.0,40.0,2500.0,4,2.0,3.0,"nhà mặt phố, mặt tiền",đã có sổ,nội thất đầy đủ,phường bình hưng hoà b
4.5,5.3,24.0,3645.8333333333335,2,2.0,2.0,"nhà ngõ, hẻm",đã có sổ,,phường bình hưng hoà a
10.0,4.0,40.0,3010.4166666666665,2,2.0,2.0,"nhà ngõ, hẻm",đã có sổ,nội thất đầy đủ,phường bình hưng hoà a
23.5,4.0,93.0,6272.5,3,4.0,4.0,"nhà mặt phố, mặt tiền",đã có sổ,,phường bình hưng hoà b
8.0,4.0,32.0,3489.5833333333335,4,2.0,3.0,"nhà mặt phố, mặt tiền",đã có sổ,,phường bình hưng hòa
17.0,4.0,68.0,3462.0833333333335,5,3.0,4.0,"nhà ngõ, hẻm",đã có sổ,,phường an lạc
14.5,4.0,57.0,4736.666666666667,2,2.0,2.0,"nhà mặt phố, mặt tiền",đã có sổ,,phường bình hưng hoà a
20.0,5.0,106.0,1867.0833333333333,3,1.0,2.0,"nhà ngõ, hẻm",đã có sổ,,phường bình trị đông a
19.0,4.2,80.8,3919.1666666666665,6,4.0,6.0,"nhà ngõ, hẻm",đã có sổ,,phường bình hưng hoà a
13.0,4.0,52.0,3670.0,4,2.0,3.0,"nhà ngõ, hẻm",đã có sổ,,phường bình trị đông a
22.0,4.3,96.0,2235.4166666666665,4,4.0,3.0,"nhà ngõ, hẻm",đã có sổ,nội thất đầy đủ,phường bình hưng hoà a
18.0,4.0,72.0,3414.1666666666665,4,3.0,4.0,"nhà ngõ, hẻm",đã có sổ,hoàn thiện cơ bản,phường bình hưng hoà a
30.0,4.0,147.0,3259.5833333333335,2,1.0,1.0,"nhà mặt phố, mặt tiền",đã có sổ,hoàn thiện cơ bản,phường bình hưng hoà a
10.0,4.0,40.0,4166.666666666667,2,1.0,2.0,"nhà ngõ, hẻm",đã có sổ,,phường bình hưng hoà a
6.5,3.6,23.6,4678.75,2,3.0,2.0,"nhà ngõ, hẻm",đã có sổ,,phường bình trị đông
19.0,4.0,76.0,2083.3333333333335,4,2.0,2.0,"nhà ngõ, hẻm",đã có sổ,nội thất cao cấp,phường bình hưng hoà b
11.0,4.0,43.0,3866.25,3,2.0,2.0,"nhà ngõ, hẻm",đã có sổ,,phường bình trị đông
10.0,3.5,35.0,2297.5,2,1.0,2.0,"nhà ngõ, hẻm",đã có sổ,nội thất cao cấp,phường tân tạo
18.0,4.0,67.0,5348.333333333333,3,3.0,3.0,"nhà mặt phố, mặt tiền",đã có sổ,nội thất cao cấp,phường an lạc
12.0,4.0,48.0,2821.25,2,2.0,2.0,"nhà ngõ, hẻm",đã có sổ,nội thất cao cấp,phường bình hưng hoà a
16.0,4.4,70.0,2589.1666666666665,4,3.0,3.0,"nhà ngõ, hẻm",đã có sổ,hoàn thiện cơ bản,phường bình hưng hoà b
13.4,14.5,189.0,3086.25,3,2.0,2.0,"nhà mặt phố, mặt tiền",đã có sổ,,phường bình trị đông
10.0,7.0,71.0,2640.8333333333335,4,4.0,4.0,"nhà mặt phố, mặt tiền",đã có sổ,nội thất cao cấp,phường bình hưng hoà b
11.0,4.0,44.0,3579.5833333333335,3,2.0,2.0,"nhà ngõ, hẻm",đã có sổ,nội thất cao cấp,phường bình hưng hoà a
21.0,5.0,105.0,4563.333333333333,4,4.0,5.0,"nhà mặt phố, mặt tiền",đã có sổ,nội thất cao cấp,phường bình hưng hòa
22.5,5.1,114.0,4751.666666666667,8,5.0,7.0,"nhà mặt phố, mặt tiền",đã có sổ,nội thất cao cấp,phường bình hưng hòa
13.0,4.0,52.0,2524.1666666666665,2,2.0,2.0,"nhà ngõ, hẻm",đã có sổ,nội thất cao cấp,phường bình hưng hoà a
12.0,4.0,48.0,2821.25,2,2.0,2.0,"nhà ngõ, hẻm",đã có sổ,nội thất đầy đủ,phường bình hưng hoà a
12.0,4.0,48.0,2838.3333333333335,2,1.0,1.0,"nhà ngõ, hẻm",đã có sổ,hoàn thiện cơ bản,phường bình trị đông
14.0,4.2,61.0,3278.75,3,2.0,2.0,"nhà ngõ, hẻm",đã có sổ,nội thất cao cấp,phường bình hưng hoà a
14.5,5.0,72.5,2528.75,3,1.0,2.0,"nhà ngõ, hẻm",đã có sổ,,phường bình trị đông
14.0,5.0,70.0,3089.1666666666665,4,3.0,4.0,"nhà ngõ, hẻm",đã có sổ,nội thất cao cấp,phường bình trị đông a
7.5,6.5,45.0,3333.3333333333335,2,2.0,2.0,"nhà ngõ, hẻm",đã có sổ,nội thất cao cấp,phường an lạc a
10.0,4.0,40.0,4739.583333333333,3,3.0,3.0,"nhà ngõ, hẻm",đã có sổ,hoàn thiện cơ bản,phường bình trị đông
15.0,4.0,60.0,3750.0,3,3.0,3.0,"nhà ngõ, hẻm",đã có sổ,nội thất cao cấp,phường bình trị đông
13.0,3.5,45.5,3662.9166666666665,2,2.0,2.0,"nhà ngõ, hẻm",đã có sổ,hoàn thiện cơ bản,phường bình trị đông
12.0,4.0,48.0,3081.6666666666665,3,2.0,2.0,"nhà ngõ, hẻm",đã có sổ,nội thất cao cấp,phường bình hưng hòa
7.745966692414834,7.745966692414834,60.0,3750.0,3,3.0,3.0,"nhà ngõ, hẻm",đã có sổ,,phường bình trị đông a
18.0,5.0,90.0,2013.75,2,2.0,2.0,"nhà ngõ, hẻm",đã có sổ,nội thất đầy đủ,phường tân tạo
12.0,4.0,48.0,3298.75,3,1.0,2.0,"nhà ngõ, hẻm",đã có sổ,,phường bình hưng hoà a
14.0,4.2,60.0,3298.75,3,4.0,3.0,"nhà ngõ, hẻm",đã có sổ,nội thất cao cấp,phường bình trị đông
15.0,4.0,60.0,3125.0,5,4.0,4.0,"nhà ngõ, hẻm",đã có sổ,nội thất cao cấp,phường bình hưng hoà b
13.0,4.8,62.0,2822.5,2,2.0,2.0,"nhà ngõ, hẻm",đã có sổ,nội thất đầy đủ,phường bình trị đông
17.0,4.0,68.0,3976.6666666666665,4,3.0,4.0,"nhà ngõ, hẻm",đã có sổ,,phường bình hưng hoà a
15.0,4.0,60.0,3750.0,4,3.0,3.0,"nhà ngõ, hẻm",đã có sổ,nội thất cao cấp,phường bình trị đông a
7.0,4.3,28.0,2976.25,2,1.0,2.0,"nhà ngõ, hẻm",đã có sổ,nội thất đầy đủ,phường bình trị đông
10.0,4.0,40.0,2062.5,2,1.0,2.0,"nhà ngõ, hẻm",đã có sổ,nội thất cao cấp,phường bình hưng hoà b
13.2,14.5,189.0,3086.25,3,2.0,2.0,"nhà mặt phố, mặt tiền",đã có sổ,,phường bình trị đông
16.0,4.0,64.0,3255.0,5,4.0,6.0,"nhà ngõ, hẻm",đã có sổ,nội thất cao cấp,phường bình hưng hoà a
12.0,7.0,86.0,2907.0833333333335,3,2.0,2.0,"nhà ngõ, hẻm",đã có sổ,nội thất cao cấp,phường bình hưng hoà a
18.0,4.0,72.0,4050.8333333333335,5,5.0,6.0,"nhà ngõ, hẻm",đã có sổ,nội thất cao cấp,phường bình hưng hoà a
12.0,4.0,48.0,2196.25,2,2.0,2.0,"nhà ngõ, hẻm",đã có sổ,nội thất đầy đủ,phường bình trị đông
12.0,4.0,48.0,1935.8333333333333,2,1.0,2.0,"nhà ngõ, hẻm",đã có sổ,,phường bình hưng hoà b
10.0,4.0,40.0,2062.5,2,1.0,2.0,"nhà ngõ, hẻm",đã có sổ,nội thất đầy đủ,phường bình hưng hoà b
10.0,4.0,40.0,2447.9166666666665,2,1.0,2.0,"nhà ngõ, hẻm",đã có sổ,nội thất cao cấp,phường bình hưng hoà b
12.0,4.0,48.0,2257.0833333333335,4,2.0,3.0,"nhà ngõ, hẻm",đã có sổ,nội thất cao cấp,phường tân tạo
10.0,4.0,40.0,1562.5,2,11.0,2.0,"nhà ngõ, hẻm",đã có sổ,nội thất cao cấp,phường bình hưng hoà b
10.0,4.0,40.0,2010.4166666666667,2,2.0,2.0,"nhà ngõ, hẻm",đã có sổ,nội thất đầy đủ,phường tân tạo
10.0,4.0,40.0,1979.1666666666667,2,1.0,2.0,"nhà ngõ, hẻm",đã có sổ,nội thất đầy đủ,phường tân tạo
10.0,4.0,40.0,2333.3333333333335,2,1.0,2.0,"nhà ngõ, hẻm",đã có sổ,nội thất đầy đủ,phường bình hưng hoà b
10.0,4.0,40.0,2291.6666666666665,2,1.0,2.0,"nhà ngõ, hẻm",đã có sổ,nội thất đầy đủ,phường bình hưng hoà b
12.0,4.0,48.0,2335.0,3,1.0,2.0,"nhà ngõ, hẻm",đã có sổ,nội thất đầy đủ,phường bình hưng hoà b
10.0,4.0,40.0,2604.1666666666665,4,1.0,3.0,"nhà ngõ, hẻm",đã có sổ,nội thất đầy đủ,phường bình hưng hoà b
6.0,5.0,30.0,2611.25,2,2.0,2.0,"nhà ngõ, hẻm",đã có sổ,nội thất đầy đủ,phường bình hưng hoà b
8.0,4.0,32.0,2187.5,2,11.0,2.0,"nhà ngõ, hẻm",đã có sổ,nội thất đầy đủ,phường bình hưng hoà b
10.0,4.0,40.0,2333.3333333333335,3,1.0,2.0,"nhà ngõ, hẻm",đã có sổ,nội thất đầy đủ,phường bình hưng hoà b
10.0,4.0,40.0,2343.75,2,1.0,2.0,"nhà ngõ, hẻm",sổ chung / công chứng vi bằng,nội thất đầy đủ,phường tân tạo a
8.0,5.0,40.0,2083.3333333333335,3,2.0,3.0,"nhà ngõ, hẻm",đã có sổ,nội thất đầy đủ,phường bình hưng hoà b
9.0,4.0,36.0,1944.5833333333333,2,2.0,3.0,"nhà ngõ, hẻm",đã có sổ,nội thất đầy đủ,phường bình hưng hoà b
10.0,4.0,40.0,2500.0,2,2.0,3.0,"nhà ngõ, hẻm",đã có sổ,nội thất cao cấp,phường bình hưng hoà b
9.0,5.0,45.0,1805.4166666666667,2,1.0,2.0,"nhà ngõ, hẻm",đã có sổ,nội thất đầy đủ,phường tân tạo
12.0,4.0,48.0,2300.4166666666665,2,1.0,2.0,"nhà ngõ, hẻm",đã có sổ,nội thất cao cấp,phường tân tạo
14.5,4.0,58.0,3807.5,2,2.0,2.0,"nhà ngõ, hẻm",đã có sổ,,phường an lạc
18.0,4.0,72.0,4224.583333333333,4,4.0,4.0,"nhà mặt phố, mặt tiền",đã có sổ,,phường an lạc
19.5,4.0,78.0,3899.5833333333335,4,4.0,4.0,"nhà mặt phố, mặt tiền",đã có sổ,,phường an lạc
20.0,4.0,80.0,6875.0,5,4.0,5.0,"nhà mặt phố, mặt tiền",đã có sổ,nội thất cao cấp,phường bình trị đông a
7.0,4.0,28.0,3720.4166666666665,2,2.0,2.0,"nhà ngõ, hẻm",đã có sổ,,phường bình trị đông
16.0,4.0,62.0,4166.666666666667,4,3.0,4.0,"nhà ngõ, hẻm",đã có sổ,nội thất đầy đủ,phường bình hưng hoà a
7.0,4.0,28.0,3050.4166666666665,1,1.0,1.0,"nhà ngõ, hẻm",đã có sổ,hoàn thiện cơ bản,phường bình trị đông
12.0,4.0,48.0,3455.0,2,2.0,2.0,"nhà ngõ, hẻm",đã có sổ,nội thất đầy đủ,phường bình hưng hòa
7.0,4.3,28.0,3050.4166666666665,1,2.0,1.0,"nhà ngõ, hẻm",đã có sổ,hoàn thiện cơ bản,phường bình trị đông
11.0,4.0,44.0,3882.5,2,2.0,2.0,"nhà ngõ, hẻm",đã có sổ,hoàn thiện cơ bản,phường bình trị đông a
14.5,4.0,56.0,4821.25,2,2.0,2.0,"nhà mặt phố, mặt tiền",đã có sổ,hoàn thiện cơ bản,phường bình hưng hoà a
17.0,4.1,66.0,2904.1666666666665,2,2.0,1.0,"nhà ngõ, hẻm",đã có sổ,,phường bình hưng hòa
14.0,4.0,56.0,3943.3333333333335,4,4.0,5.0,"nhà ngõ, hẻm",đã có sổ,hoàn thiện cơ bản,phường bình hưng hoà b
10.0,4.0,40.0,4114.583333333333,2,2.0,2.0,"nhà ngõ, hẻm",đã có sổ,hoàn thiện cơ bản,phường bình trị đông a
13.0,4.0,52.0,2764.5833333333335,2,2.0,2.0,"nhà ngõ, hẻm",đã có sổ,,phường bình trị đông
12.0,5.0,60.0,3472.0833333333335,2,2.0,2.0,"nhà ngõ, hẻm",đã có sổ,nội thất cao cấp,phường bình hưng hòa
15.0,4.0,60.0,4166.666666666667,5,4.0,5.0,"nhà mặt phố, mặt tiền",đã có sổ,,phường tân tạo
14.0,4.1,56.0,3534.1666666666665,4,4.0,4.0,nhà biệt thự,đã có sổ,,phường bình hưng hòa
14.0,4.0,56.0,2976.25,2,2.0,2.0,"nhà ngõ, hẻm",đã có sổ,,phường bình trị đông
22.0,7.0,131.76,2276.6666666666665,5,1.0,5.0,"nhà ngõ, hẻm",đã có sổ,hoàn thiện cơ bản,phường bình hưng hòa
13.0,4.0,52.0,3806.25,3,2.0,2.0,"nhà ngõ, hẻm",đã có sổ,bàn giao thô,phường bình hưng hòa
19.0,4.0,76.0,4495.416666666667,2,1.0,2.0,"nhà mặt phố, mặt tiền",đã có sổ,,phường an lạc
8.0,3.7,28.0,4434.583333333333,2,2.0,2.0,"nhà ngõ, hẻm",đã có sổ,,phường bình hưng hoà a
19.0,6.0,114.0,3618.3333333333335,4,4.0,5.0,"nhà mặt phố, mặt tiền",đã có sổ,nội thất cao cấp,phường bình hưng hoà b
15.0,4.0,58.0,3412.5,4,3.0,3.0,"nhà ngõ, hẻm",đã có sổ,nội thất cao cấp,phường bình hưng hoà b
7.0,5.0,35.0,2000.0,2,2.0,2.0,"nhà ngõ, hẻm",đã có sổ,,phường bình hưng hoà b
5.0,4.0,20.0,4687.5,2,2.0,1.0,"nhà ngõ, hẻm",đã có sổ,,phường bình hưng hoà a
12.0,4.0,48.0,3203.3333333333335,2,5.0,2.0,"nhà ngõ, hẻm",đã có sổ,nội thất cao cấp,phường bình hưng hoà a
10.0,2.0,20.0,3020.8333333333335,2,1.0,2.0,"nhà mặt phố, mặt tiền",sổ chung / công chứng vi bằng,,phường tân tạo
12.0,5.0,60.0,3958.3333333333335,3,2.0,2.0,"nhà mặt phố, mặt tiền",đã có sổ,nội thất đầy đủ,phường bình hưng hòa
10.0,4.0,40.0,3988.3333333333335,3,2.0,2.0,"nhà ngõ, hẻm",đã có sổ,nội thất đầy đủ,phường bình hưng hoà a
14.0,4.2,58.0,3584.5833333333335,4,3.0,3.0,"nhà mặt phố, mặt tiền",đã có sổ,nội thất đầy đủ,phường bình trị đông a
12.0,4.0,48.0,3645.8333333333335,4,2.0,2.0,"nhà ngõ, hẻm",đã có sổ,,phường bình trị đông
12.0,4.0,48.0,1805.4166666666667,4,3.0,3.0,"nhà ngõ, hẻm",đã có sổ,,phường bình hưng hoà b
10.0,3.8,38.0,2149.1666666666665,2,3.0,2.0,"nhà ngõ, hẻm",đã có sổ,nội thất đầy đủ,phường tân tạo a
16.0,4.1,64.0,4492.083333333333,4,3.0,5.0,nhà biệt thự,đã có sổ,nội thất đầy đủ,phường bình trị đông a
20.0,4.5,89.9,4402.916666666667,4,4.0,4.0,"nhà mặt phố, mặt tiền",đã có sổ,,phường an lạc
16.0,4.0,64.0,3834.5833333333335,3,3.0,3.0,"nhà ngõ, hẻm",đã có sổ,nội thất cao cấp,phường bình hưng hòa
20.0,8.0,160.0,5208.333333333333,7,4.0,7.0,"nhà mặt phố, mặt tiền",đã có sổ,nội thất cao cấp,phường bình trị đông b
10.0,4.0,40.0,6041.666666666667,4,1.0,4.0,"nhà ngõ, hẻm",đã có sổ,nội thất đầy đủ,phường an lạc a
11.5,4.0,46.0,2128.75,3,1.0,3.0,"nhà ngõ, hẻm",đã có sổ,,phường bình hưng hoà b
35.0,3.6,125.0,3100.0,5,3.0,3.0,"nhà ngõ, hẻm",đã có sổ,nội thất đầy đủ,phường an lạc a
23.0,4.0,92.0,3532.5,5,4.0,5.0,"nhà mặt phố, mặt tiền",đã có sổ,nội thất đầy đủ,phường bình trị đông b
20.0,8.0,160.0,2604.1666666666665,5,3.0,5.0,"nhà ngõ, hẻm",đã có sổ,nội thất đầy đủ,phường bình trị đông
14.0,4.5,63.0,2645.4166666666665,3,1.0,2.0,"nhà ngõ, hẻm",đã có sổ,,phường bình trị đông
12.0,5.0,57.0,5248.333333333333,5,4.0,3.0,"nhà mặt phố, mặt tiền",đã có sổ,nội thất cao cấp,phường tân tạo
10.0,5.0,50.0,2291.6666666666665,2,2.0,2.0,"nhà ngõ, hẻm",đã có sổ,nội thất đầy đủ,phường bình trị đông
16.0,4.0,64.0,3769.5833333333335,3,3.0,3.0,"nhà ngõ, hẻm",đã có sổ,nội thất đầy đủ,phường bình hưng hòa
15.0,4.0,60.0,4166.666666666667,4,4.0,5.0,nhà phố liền kề,đã có sổ,nội thất cao cấp,phường bình hưng hòa
12.0,5.0,60.0,3472.0833333333335,3,3.0,3.0,nhà phố liền kề,đã có sổ,nội thất cao cấp,phường bình hưng hòa
15.0,4.0,60.0,4097.083333333333,4,4.0,4.0,nhà phố liền kề,đã có sổ,nội thất cao cấp,phường bình hưng hòa
20.0,4.0,80.0,2187.5,2,2.0,2.0,"nhà ngõ, hẻm",đã có sổ,nội thất đầy đủ,phường bình hưng hoà b
12.0,4.0,48.0,4947.916666666667,4,4.0,5.0,"nhà mặt phố, mặt tiền",đã có sổ,nội thất đầy đủ,phường bình hưng hòa
8.0,3.57,28.6,3860.8333333333335,2,1.0,2.0,"nhà ngõ, hẻm",đã có sổ,,phường bình trị đông
13.564659966250536,13.564659966250536,184.0,1800.4166666666667,5,2.0,6.0,"nhà ngõ, hẻm",không có sổ,,phường an lạc
10.0,4.0,40.0,2583.3333333333335,3,3.0,2.0,"nhà ngõ, hẻm",đã có sổ,,phường tân tạo a
24.5,4.0,98.4,5081.25,3,3.0,4.0,"nhà mặt phố, mặt tiền",đã có sổ,,phường an lạc a
14.0,4.0,56.0,3869.1666666666665,4,4.0,5.0,"nhà ngõ, hẻm",đã có sổ,nội thất đầy đủ,phường bình hưng hoà b
20.0,6.75,132.0,1388.75,4,2.0,2.0,"nhà ngõ, hẻm",đã có sổ,hoàn thiện cơ bản,phường bình hưng hoà b
15.0,4.0,63.0,4728.75,3,3.0,3.0,"nhà mặt phố, mặt tiền",đã có sổ,,phường an lạc
8.0,4.0,32.0,4557.5,2,2.0,2.0,"nhà ngõ, hẻm",đã có sổ,hoàn thiện cơ bản,phường bình hưng hoà a
19.0,4.0,76.0,3262.0833333333335,4,4.0,3.0,"nhà ngõ, hẻm",đã có sổ,,phường bình trị đông a
16.0,4.2,68.0,4044.1666666666665,5,4.0,5.0,"nhà ngõ, hẻm",đã có sổ,,phường bình trị đông a
8.0,6.0,48.0,2864.5833333333335,2,2.0,2.0,"nhà ngõ, hẻm",đã có sổ,hoàn thiện cơ bản,phường bình hưng hoà a
18.5,5.8,105.0,1706.25,1,2.0,1.0,"nhà ngõ, hẻm",đã có sổ,,phường bình hưng hoà b
14.0,4.3,58.6,2275.4166666666665,1,1.0,1.0,"nhà ngõ, hẻm",đã có sổ,hoàn thiện cơ bản,phường an lạc
8.94427190999916,8.94427190999916,80.0,6875.0,5,5.0,5.0,"nhà mặt phố, mặt tiền",đã có sổ,,phường an lạc a
10.0,4.0,40.0,2062.5,2,2.0,2.0,"nhà ngõ, hẻm",đã có sổ,,phường tân tạo
23.0,6.0,170.0,2671.6666666666665,3,2.0,6.0,"nhà mặt phố, mặt tiền",đã có sổ,nội thất cao cấp,phường tân tạo
10.0,4.0,40.0,2447.9166666666665,2,2.0,2.0,"nhà ngõ, hẻm",đã có sổ,nội thất đầy đủ,phường tân tạo
10.0,4.0,40.0,2500.0,2,2.0,2.0,"nhà ngõ, hẻm",đã có sổ,nội thất đầy đủ,phường bình trị đông
12.0,5.0,60.0,3819.5833333333335,2,2.0,2.0,"nhà ngõ, hẻm",đã có sổ,nội thất đầy đủ,phường bình hưng hòa
10.0,3.0,30.0,4375.0,2,2.0,2.0,"nhà ngõ, hẻm",đã có sổ,,phường bình hưng hòa
15.0,4.0,60.0,3020.8333333333335,2,2.0,2.0,"nhà mặt phố, mặt tiền",đã có sổ,,phường bình hưng hòa
16.0,4.0,64.0,1595.0,2,2.0,1.0,"nhà ngõ, hẻm",đã có sổ,nội thất đầy đủ,phường bình hưng hoà b
18.5,5.8,105.0,1706.25,1,1.0,1.0,"nhà ngõ, hẻm",đã có sổ,,phường bình hưng hoà b
7.0,4.3,30.1,2837.9166666666665,1,1.0,1.0,"nhà ngõ, hẻm",đã có sổ,nội thất đầy đủ,phường bình hưng hoà a
5.477225575051661,5.477225575051661,30.0,2222.0833333333335,2,3.0,3.0,"nhà ngõ, hẻm",đã có sổ,nội thất cao cấp,phường bình hưng hoà b
10.0,4.0,40.0,4062.5,3,2.0,2.0,"nhà ngõ, hẻm",đã có sổ,nội thất đầy đủ,phường bình trị đông
15.0,4.5,68.0,6556.25,4,4.0,4.0,"nhà mặt phố, mặt tiền",đã có sổ,,phường bình trị đông b
12.0,4.0,48.0,3385.4166666666665,3,2.0,2.0,"nhà ngõ, hẻm",đã có sổ,hoàn thiện cơ bản,phường bình hưng hòa
17.0,4.0,66.0,3156.6666666666665,3,3.0,3.0,"nhà ngõ, hẻm",đã có sổ,nội thất cao cấp,phường bình trị đông a
14.0,4.2,60.0,2951.25,2,2.0,2.0,"nhà ngõ, hẻm",đã có sổ,nội thất đầy đủ,phường bình trị đông
16.0,4.0,64.0,3378.75,3,2.0,3.0,"nhà mặt phố, mặt tiền",đã có sổ,nội thất đầy đủ,phường bình hưng hoà a
11.224972160321824,11.224972160321824,126.0,3174.5833333333335,5,5.0,5.0,"nhà ngõ, hẻm",đã có sổ,,phường an lạc a
16.0,4.0,64.0,3417.9166666666665,3,2.0,2.0,"nhà ngõ, hẻm",đã có sổ,nội thất cao cấp,phường bình hưng hoà a
6.324555320336759,6.324555320336759,40.0,2395.8333333333335,2,1.0,2.0,"nhà ngõ, hẻm",đã có sổ,nội thất cao cấp,phường bình trị đông
22.0,4.0,88.0,3077.5,3,1.0,2.0,"nhà ngõ, hẻm",đã có sổ,,phường tân tạo a
13.0,3.5,40.0,2947.9166666666665,2,2.0,2.0,"nhà ngõ, hẻm",đã có sổ,nội thất đầy đủ,phường bình hưng hoà b
9.0,4.0,36.0,4282.5,2,2.0,2.0,"nhà ngõ, hẻm",đã có sổ,,phường bình hưng hoà a
20.0,5.0,100.0,4791.666666666667,4,3.0,5.0,nhà phố liền kề,đã có sổ,,phường bình trị đông b
24.0,4.2,100.0,4166.666666666667,3,2.0,3.0,"nhà mặt phố, mặt tiền",đã có sổ,nội thất đầy đủ,phường bình trị đông
17.0,4.0,68.0,3308.75,5,5.0,6.0,"nhà ngõ, hẻm",đã có sổ,nội thất cao cấp,phường bình trị đông a
20.0,4.0,80.0,3229.1666666666665,4,1.0,2.0,"nhà mặt phố, mặt tiền",đã có sổ,hoàn thiện cơ bản,phường bình hưng hoà a
11.0,4.0,44.0,2367.5,2,1.0,1.0,"nhà ngõ, hẻm",đã có sổ,,phường bình trị đông a
20.0,5.0,100.0,5000.0,4,4.0,5.0,nhà phố liền kề,đã có sổ,,phường bình trị đông b
8.0,4.0,32.0,4817.5,2,2.0,2.0,"nhà ngõ, hẻm",đã có sổ,,phường bình hưng hoà a
15.0,4.0,60.0,2638.75,2,2.0,2.0,"nhà ngõ, hẻm",đã có sổ,nội thất đầy đủ,phường bình hưng hoà b
15.5,4.0,62.0,4704.166666666667,4,5.0,5.0,nhà phố liền kề,đã có sổ,,phường bình hưng hòa
23.0,4.0,93.0,2912.0833333333335,4,2.0,5.0,"nhà mặt phố, mặt tiền",đã có sổ,nội thất đầy đủ,phường bình hưng hòa
12.5,4.0,50.0,3333.3333333333335,2,2.0,2.0,nhà phố liền kề,đã có sổ,,phường an lạc
14.0,4.0,56.0,3482.0833333333335,3,3.0,3.0,"nhà ngõ, hẻm",đã có sổ,nội thất đầy đủ,phường an lạc
12.0,4.0,48.0,1822.9166666666667,4,2.0,3.0,"nhà ngõ, hẻm",đã có sổ,,phường bình hưng hoà b
14.0,4.0,56.0,5096.666666666667,4,1.0,5.0,"nhà ngõ, hẻm",đã có sổ,,phường bình trị đông a
14.0,4.0,56.0,2604.1666666666665,3,2.0,3.0,"nhà ngõ, hẻm",đã có sổ,nội thất đầy đủ,phường bình trị đông
14.0,4.0,56.0,2604.1666666666665,3,2.0,3.0,"nhà ngõ, hẻm",đã có sổ,nội thất đầy đủ,phường bình trị đông
11.6,4.0,46.0,3161.25,2,2.0,2.0,"nhà ngõ, hẻm",đã có sổ,hoàn thiện cơ bản,phường bình trị đông b
14.0,4.0,56.0,2827.5,2,2.0,2.0,"nhà ngõ, hẻm",đã có sổ,nội thất đầy đủ,phường bình hưng hoà b
10.0,4.0,40.0,5312.5,4,3.0,4.0,"nhà ngõ, hẻm",đã có sổ,nội thất đầy đủ,phường an lạc
16.0,4.0,65.0,3205.0,3,2.0,3.0,"nhà mặt phố, mặt tiền",đã có sổ,nội thất đầy đủ,phường bình hưng hoà a
27.5,4.0,110.0,2647.9166666666665,4,2.0,5.0,"nhà mặt phố, mặt tiền",đã có sổ,nội thất cao cấp,phường bình hưng hoà b
12.0,4.0,48.0,3602.5,3,4.0,2.0,"nhà ngõ, hẻm",đã có sổ,nội thất cao cấp,phường bình trị đông
14.0,3.7,50.0,3500.0,2,3.0,3.0,"nhà ngõ, hẻm",đã có sổ,,phường an lạc
8.0,4.0,32.0,4752.5,2,2.0,2.0,"nhà ngõ, hẻm",đã có sổ,hoàn thiện cơ bản,phường bình hưng hoà a
16.0,4.4,73.0,2848.3333333333335,4,4.0,4.0,"nhà ngõ, hẻm",đã có sổ,nội thất đầy đủ,phường bình trị đông a
7.5,4.0,30.0,4027.9166666666665,2,2.0,2.0,"nhà ngõ, hẻm",đã có sổ,hoàn thiện cơ bản,phường bình hưng hoà a
12.2,5.0,61.0,1017.9166666666666,3,1.0,2.0,"nhà ngõ, hẻm",đã có sổ,,phường bình hưng hòa
25.0,8.0,200.0,2916.6666666666665,6,1.0,3.0,"nhà mặt phố, mặt tiền",đã có sổ,,phường bình hưng hoà a
15.0,4.0,60.0,4465.416666666667,2,2.0,2.0,"nhà mặt phố, mặt tiền",đã có sổ,nội thất cao cấp,phường bình hưng hoà a
19.0,6.0,114.0,3432.0833333333335,4,3.0,4.0,"nhà mặt phố, mặt tiền",đã có sổ,nội thất cao cấp,phường bình hưng hoà b
9.0,4.0,36.0,3472.0833333333335,3,3.0,3.0,"nhà ngõ, hẻm",đã có sổ,nội thất đầy đủ,phường bình hưng hoà b
11.0,4.05,44.0,3380.8333333333335,2,2.0,2.0,"nhà ngõ, hẻm",đã có sổ,nội thất cao cấp,phường bình hưng hoà a
5.656854249492381,5.656854249492381,32.0,3320.4166666666665,4,2.0,3.0,"nhà ngõ, hẻm",đã có sổ,,phường bình hưng hoà b
12.0,4.0,48.0,3359.1666666666665,2,2.0,2.0,"nhà ngõ, hẻm",đã có sổ,nội thất đầy đủ,phường bình trị đông
20.0,12.0,240.0,6076.25,7,3.0,7.0,"nhà mặt phố, mặt tiền",đã có sổ,,phường bình trị đông b
19.0,4.0,74.0,3350.4166666666665,4,3.0,2.0,"nhà ngõ, hẻm",đã có sổ,nội thất cao cấp,phường bình trị đông
8.0,4.0,31.0,4032.0833333333335,2,2.0,3.0,"nhà ngõ, hẻm",đã có sổ,,phường bình trị đông
12.0,4.0,48.0,3428.75,2,2.0,2.0,"nhà ngõ, hẻm",đã có sổ,nội thất đầy đủ,phường bình hưng hòa
10.0,4.5,45.0,2675.8333333333335,2,2.0,2.0,"nhà mặt phố, mặt tiền",đã có sổ,nội thất đầy đủ,phường bình trị đông
23.0,8.0,154.0,2218.75,5,1.0,6.0,"nhà ngõ, hẻm",đã có sổ,,phường an lạc
10.0,4.0,40.0,3322.9166666666665,2,2.0,2.0,"nhà ngõ, hẻm",đã có sổ,,phường bình hưng hoà a
7.0,7.0,49.0,3741.6666666666665,2,2.0,2.0,"nhà ngõ, hẻm",đã có sổ,nội thất đầy đủ,phường bình trị đông a
11.0,4.0,44.0,3930.0,3,3.0,3.0,"nhà ngõ, hẻm",đã có sổ,hoàn thiện cơ bản,phường bình trị đông a
13.0,4.0,52.0,3605.8333333333335,4,3.0,4.0,"nhà ngõ, hẻm",đã có sổ,nội thất đầy đủ,phường bình trị đông a
10.0,3.0,30.0,2680.4166666666665,2,1.0,2.0,"nhà ngõ, hẻm",đã có sổ,nội thất cao cấp,phường tân tạo a
17.0,4.0,68.0,3431.25,5,4.0,4.0,"nhà ngõ, hẻm",đã có sổ,,phường an lạc
15.0,6.0,90.0,3972.0833333333335,4,3.0,4.0,"nhà mặt phố, mặt tiền",đã có sổ,hoàn thiện cơ bản,phường bình hưng hoà a
12.0,4.0,50.0,4575.0,4,4.0,3.0,"nhà ngõ, hẻm",đã có sổ,nội thất cao cấp,phường bình trị đông
16.0,6.0,96.0,2821.25,5,4.0,5.0,"nhà ngõ, hẻm",đã có sổ,nội thất đầy đủ,phường bình trị đông
14.0,3.0,42.0,3025.8333333333335,1,1.0,1.0,"nhà ngõ, hẻm",đã có sổ,hoàn thiện cơ bản,phường bình hưng hoà a
10.0,3.0,30.0,2361.25,2,1.0,2.0,"nhà ngõ, hẻm",đã có sổ,nội thất đầy đủ,phường bình hưng hoà a
38.0,4.0,152.0,3563.75,2,2.0,1.0,"nhà mặt phố, mặt tiền",đã có sổ,nội thất đầy đủ,phường bình trị đông b
12.0,4.0,48.0,3697.9166666666665,2,2.0,2.0,"nhà ngõ, hẻm",đã có sổ,nội thất đầy đủ,phường bình hưng hoà a
16.0,8.0,64.0,4882.916666666667,2,1.0,5.0,"nhà mặt phố, mặt tiền",đã có sổ,nội thất đầy đủ,phường bình hưng hoà b
7.0,4.0,28.0,3794.5833333333335,3,1.0,2.0,"nhà ngõ, hẻm",đã có sổ,nội thất đầy đủ,phường bình hưng hoà b
22.5,4.0,90.0,4305.416666666667,4,4.0,5.0,"nhà mặt phố, mặt tiền",đã có sổ,,phường bình trị đông b
10.0,4.0,40.0,2447.9166666666665,2,2.0,2.0,"nhà ngõ, hẻm",đã có sổ,nội thất đầy đủ,phường tân tạo
20.0,4.5,90.0,6712.916666666667,4,4.0,3.0,"nhà mặt phố, mặt tiền",đã có sổ,nội thất cao cấp,phường bình trị đông b
15.0,4.0,60.0,3194.5833333333335,4,4.0,3.0,"nhà ngõ, hẻm",đã có sổ,,phường bình trị đông
12.0,4.0,48.0,3211.6666666666665,2,2.0,2.0,"nhà ngõ, hẻm",đã có sổ,,phường bình trị đông a
17.5,4.0,70.0,3690.4166666666665,2,1.0,2.0,"nhà ngõ, hẻm",đã có sổ,,phường bình hưng hoà a
14.0,4.0,56.0,3348.3333333333335,3,2.0,2.0,"nhà ngõ, hẻm",đã có sổ,nội thất cao cấp,phường bình hưng hòa
13.5,4.0,54.0,2585.0,3,2.0,3.0,"nhà ngõ, hẻm",đã có sổ,nội thất cao cấp,phường bình trị đông
15.0,4.5,67.0,3047.0833333333335,4,4.0,3.0,"nhà ngõ, hẻm",đã có sổ,nội thất đầy đủ,phường bình hưng hoà b
17.0,4.0,68.0,2812.5,3,2.0,2.0,"nhà ngõ, hẻm",đã có sổ,nội thất cao cấp,phường bình hưng hòa
14.0,4.0,56.0,3682.9166666666665,4,3.0,3.0,"nhà ngõ, hẻm",đã có sổ,nội thất đầy đủ,phường bình hưng hoà a
23.0,8.0,160.0,1791.6666666666667,4,2.0,4.0,"nhà ngõ, hẻm",đã có sổ,nội thất đầy đủ,phường bình trị đông a
20.0,4.0,80.0,1718.75,2,2.0,2.0,"nhà ngõ, hẻm",đã có sổ,hoàn thiện cơ bản,phường bình hưng hoà b
20.0,6.0,120.0,3645.8333333333335,6,4.0,6.0,"nhà mặt phố, mặt tiền",đã có sổ,nội thất cao cấp,phường bình hưng hoà b
20.0,4.0,80.0,4114.583333333333,8,3.0,7.0,"nhà ngõ, hẻm",đã có sổ,,phường bình hưng hoà a
22.0,4.0,88.0,2840.4166666666665,5,4.0,5.0,"nhà mặt phố, mặt tiền",đã có sổ,nội thất cao cấp,phường bình hưng hoà b
13.0,4.15,54.0,4012.5,6,1.0,5.0,"nhà ngõ, hẻm",đã có sổ,,phường bình trị đông a
8.0,4.23,34.0,2389.5833333333335,2,2.0,2.0,"nhà mặt phố, mặt tiền",sổ chung / công chứng vi bằng,hoàn thiện cơ bản,phường bình hưng hoà b
10.0,4.0,40.0,3302.0833333333335,2,2.0,2.0,"nhà ngõ, hẻm",đã có sổ,,phường bình hưng hòa
20.0,5.0,100.0,6875.0,4,3.0,5.0,"nhà mặt phố, mặt tiền",đã có sổ,,phường bình trị đông b
7.0,3.2,20.0,5375.0,3,3.0,2.0,"nhà ngõ, hẻm",đã có sổ,nội thất cao cấp,phường bình hưng hoà a
20.0,5.0,100.0,4166.666666666667,4,4.0,4.0,"nhà mặt phố, mặt tiền",đã có sổ,nội thất cao cấp,phường tân tạo
25.0,3.8,101.0,1979.5833333333333,8,2.0,7.0,"nhà mặt phố, mặt tiền",đã có sổ,hoàn thiện cơ bản,phường tân tạo
14.0,4.0,56.0,2901.6666666666665,4,2.0,2.0,"nhà ngõ, hẻm",đã có sổ,nội thất đầy đủ,phường bình trị đông a
18.0,6.0,111.0,2740.4166666666665,7,1.0,7.0,"nhà ngõ, hẻm",đã có sổ,,phường bình hưng hoà a
8.0,3.0,24.0,4427.083333333333,2,2.0,2.0,"nhà ngõ, hẻm",đã có sổ,hoàn thiện cơ bản,phường bình hưng hoà a
15.0,4.0,60.0,3472.0833333333335,4,4.0,5.0,"nhà ngõ, hẻm",đã có sổ,nội thất đầy đủ,phường bình trị đông a
18.0,4.0,72.0,4629.583333333333,4,4.0,5.0,"nhà ngõ, hẻm",đã có sổ,nội thất đầy đủ,phường bình trị đông
10.0,4.0,40.0,2447.9166666666665,2,1.0,2.0,"nhà ngõ, hẻm",đã có sổ,nội thất đầy đủ,phường tân tạo
15.0,4.0,60.0,4027.9166666666665,4,4.0,5.0,"nhà ngõ, hẻm",đã có sổ,nội thất đầy đủ,phường bình trị đông a
15.0,4.0,60.0,3819.5833333333335,2,2.0,2.0,"nhà mặt phố, mặt tiền",đã có sổ,,phường bình hưng hoà a
13.0,4.5,58.5,3846.25,4,4.0,3.0,"nhà ngõ, hẻm",đã có sổ,nội thất đầy đủ,phường bình trị đông a
7.0,3.0,21.0,5119.166666666667,3,3.0,3.0,"nhà ngõ, hẻm",đã có sổ,nội thất đầy đủ,phường bình hưng hoà a
16.0,4.0,64.0,2343.75,5,2.0,3.0,"nhà ngõ, hẻm",đã có sổ,,phường bình hưng hoà a
14.0,4.0,56.0,5208.333333333333,4,3.0,5.0,"nhà ngõ, hẻm",đang chờ sổ,hoàn thiện cơ bản,phường bình hưng hòa
7.0710678118654755,7.0710678118654755,50.0,3250.0,3,2.0,2.0,"nhà ngõ, hẻm",đã có sổ,nội thất đầy đủ,phường bình trị đông b
18.0,5.0,90.0,7037.083333333333,3,2.0,4.0,nhà phố liền kề,đã có sổ,nội thất cao cấp,phường an lạc a
20.0,4.0,80.0,5625.0,5,4.0,5.0,"nhà mặt phố, mặt tiền",đã có sổ,nội thất cao cấp,phường bình trị đông b
20.0,5.0,100.0,2583.3333333333335,4,2.0,4.0,"nhà mặt phố, mặt tiền",đã có sổ,,phường bình hưng hoà a
14.0,4.0,56.0,4538.75,4,5.0,5.0,"nhà ngõ, hẻm",đã có sổ,nội thất đầy đủ,phường bình hưng hòa
14.0,4.0,56.0,3273.75,4,3.0,4.0,"nhà mặt phố, mặt tiền",đã có sổ,,phường bình hưng hoà b
8.0,4.0,32.0,2708.3333333333335,2,1.0,2.0,"nhà ngõ, hẻm",đã có sổ,hoàn thiện cơ bản,phường bình trị đông a
13.0,4.0,52.0,4310.833333333333,4,4.0,5.0,"nhà ngõ, hẻm",đã có sổ,nội thất đầy đủ,phường bình trị đông a
13.5,4.3,57.5,3405.8333333333335,3,3.0,3.0,"nhà ngõ, hẻm",đã có sổ,nội thất cao cấp,phường bình trị đông a
16.0,4.0,64.0,3222.5,2,1.0,2.0,"nhà ngõ, hẻm",đã có sổ,,phường bình hưng hoà a
6.0,3.0,18.0,2430.4166666666665,1,1.0,1.0,"nhà ngõ, hẻm",giấy tờ viết tay,nội thất đầy đủ,phường bình hưng hoà a
9.0,3.8,32.0,5012.916666666667,2,2.0,2.0,"nhà ngõ, hẻm",đã có sổ,hoàn thiện cơ bản,phường bình hưng hoà a
14.0,4.2,58.0,3160.8333333333335,2,2.0,2.0,"nhà ngõ, hẻm",đã có sổ,,phường an lạc
14.0,4.2,60.0,2777.9166666666665,4,4.0,5.0,nhà phố liền kề,đã có sổ,nội thất cao cấp,phường bình hưng hoà b
12.0,5.5,60.0,3020.8333333333335,5,3.0,5.0,"nhà ngõ, hẻm",đã có sổ,nội thất cao cấp,phường bình hưng hoà b
11.0,4.0,44.0,4687.5,4,4.0,3.0,"nhà ngõ, hẻm",đã có sổ,nội thất đầy đủ,phường bình trị đông a
14.0,5.0,70.0,1904.5833333333333,3,1.0,3.0,"nhà ngõ, hẻm",đã có sổ,hoàn thiện cơ bản,phường an lạc
15.0,4.0,60.0,5277.916666666667,5,3.0,5.0,nhà phố liền kề,đã có sổ,hoàn thiện cơ bản,phường bình trị đông a
15.0,4.0,60.0,4583.333333333333,4,5.0,5.0,"nhà ngõ, hẻm",đã có sổ,nội thất cao cấp,phường bình hưng hoà a
10.0,4.0,40.0,3697.9166666666665,2,2.0,2.0,"nhà ngõ, hẻm",đã có sổ,hoàn thiện cơ bản,phường bình hưng hoà a
8.18535277187245,8.18535277187245,67.0,2207.9166666666665,6,4.0,5.0,"nhà mặt phố, mặt tiền",đã có sổ,,phường bình trị đông
12.0,4.0,48.0,2995.0,2,2.0,2.0,"nhà ngõ, hẻm",đã có sổ,hoàn thiện cơ bản,phường bình hưng hoà b
20.0,4.0,80.0,3177.0833333333335,2,1.0,2.0,"nhà ngõ, hẻm",đã có sổ,,phường bình hưng hòa
14.0,4.2,60.0,3402.9166666666665,2,2.0,2.0,"nhà ngõ, hẻm",đã có sổ,nội thất cao cấp,phường bình hưng hoà a
12.0,4.0,48.0,3559.1666666666665,2,2.0,2.0,"nhà ngõ, hẻm",đã có sổ,,phường bình hưng hòa
12.0,4.0,48.0,3385.4166666666665,2,2.0,2.0,"nhà ngõ, hẻm",đã có sổ,,phường an lạc
15.0,5.0,75.0,2111.25,3,1.0,4.0,"nhà ngõ, hẻm",đã có sổ,,phường an lạc
12.0,4.0,48.0,3472.0833333333335,2,2.0,2.0,"nhà ngõ, hẻm",đã có sổ,,phường bình hưng hòa
15.0,4.0,60.0,5208.333333333333,5,3.0,5.0,"nhà ngõ, hẻm",đã có sổ,nội thất đầy đủ,phường bình trị đông a
18.0,4.0,72.0,4803.333333333333,4,2.0,5.0,"nhà ngõ, hẻm",đã có sổ,,phường bình trị đông b
12.0,4.5,54.0,3850.4166666666665,4,5.0,3.0,"nhà ngõ, hẻm",đã có sổ,,phường an lạc
18.0,4.0,72.0,4224.583333333333,5,4.0,6.0,"nhà ngõ, hẻm",đã có sổ,nội thất cao cấp,phường bình hưng hoà a
13.0,4.0,52.0,2083.3333333333335,3,3.0,3.0,"nhà ngõ, hẻm",đã có sổ,,phường bình trị đông b
9.0,4.0,35.0,2737.9166666666665,2,2.0,2.0,"nhà ngõ, hẻm",đã có sổ,,phường tân tạo
14.0,5.0,70.0,2821.25,2,2.0,1.0,"nhà ngõ, hẻm",đã có sổ,,phường an lạc
7.615773105863909,7.615773105863909,58.0,2047.5,4,3.0,5.0,nhà phố liền kề,đã có sổ,hoàn thiện cơ bản,phường an lạc
12.0,4.5,54.0,3395.0,2,2.0,2.0,"nhà ngõ, hẻm",đã có sổ,,phường an lạc
14.0,5.0,70.0,2083.3333333333335,3,1.0,3.0,"nhà ngõ, hẻm",đã có sổ,hoàn thiện cơ bản,phường bình trị đông b
6.5,4.5,29.25,3917.5,2,2.0,2.0,"nhà ngõ, hẻm",đã có sổ,nội thất đầy đủ,phường bình trị đông
9.0,4.0,36.0,3472.0833333333335,2,2.0,2.0,"nhà ngõ, hẻm",đã có sổ,,phường bình hưng hoà a
18.0,4.0,72.0,3472.0833333333335,3,3.0,4.0,"nhà ngõ, hẻm",đã có sổ,,phường tân tạo
10.0,4.0,40.0,3333.3333333333335,2,2.0,2.0,"nhà ngõ, hẻm",đã có sổ,nội thất đầy đủ,phường bình hưng hòa
14.0,4.4,62.0,2681.25,3,2.0,2.0,"nhà ngõ, hẻm",đã có sổ,nội thất đầy đủ,phường bình trị đông
7.5,3.2,24.0,4080.0,2,2.0,2.0,"nhà ngõ, hẻm",đã có sổ,,phường an lạc
7.0,4.0,28.0,3645.8333333333335,2,2.0,2.0,"nhà ngõ, hẻm",đã có sổ,nội thất đầy đủ,phường bình trị đông
18.0,4.0,73.0,3076.6666666666665,4,3.0,4.0,"nhà ngõ, hẻm",đã có sổ,nội thất cao cấp,phường bình trị đông a
14.0,4.4,62.0,2681.25,3,2.0,2.0,"nhà ngõ, hẻm",đã có sổ,nội thất đầy đủ,phường bình trị đông
15.0,4.0,60.0,5208.333333333333,6,5.0,6.0,"nhà ngõ, hẻm",đã có sổ,nội thất đầy đủ,phường bình trị đông
13.0,8.0,91.0,7097.083333333333,5,3.0,4.0,nhà biệt thự,đã có sổ,nội thất cao cấp,phường bình trị đông b
15.0,5.0,78.0,2670.8333333333335,2,2.0,3.0,"nhà ngõ, hẻm",đã có sổ,nội thất đầy đủ,phường bình hưng hoà a
9.0,4.0,36.0,2777.9166666666665,2,1.0,2.0,"nhà mặt phố, mặt tiền",đã có sổ,nội thất đầy đủ,phường tân tạo
15.0,4.0,60.0,3125.0,3,2.0,2.0,"nhà ngõ, hẻm",đã có sổ,nội thất đầy đủ,phường bình hưng hòa
15.0,4.0,60.0,3750.0,4,4.0,6.0,"nhà ngõ, hẻm",đã có sổ,nội thất đầy đủ,phường bình hưng hoà b
14.0,4.0,56.0,3682.9166666666665,4,3.0,3.0,"nhà ngõ, hẻm",đã có sổ,nội thất đầy đủ,phường bình hưng hoà a
11.0,4.0,44.0,3589.1666666666665,3,3.0,2.0,"nhà ngõ, hẻm",đã có sổ,hoàn thiện cơ bản,phường bình trị đông
15.0,4.0,60.0,3819.5833333333335,5,4.0,6.0,"nhà ngõ, hẻm",đã có sổ,hoàn thiện cơ bản,phường bình hưng hoà b
14.0,4.4,62.0,2681.25,3,2.0,1.0,"nhà ngõ, hẻm",đã có sổ,nội thất đầy đủ,phường bình trị đông
10.0,4.0,40.0,4687.5,2,2.0,2.0,"nhà ngõ, hẻm",đã có sổ,,phường bình hưng hòa
10.0,4.0,40.0,2083.3333333333335,2,1.0,2.0,"nhà ngõ, hẻm",đã có sổ,nội thất đầy đủ,phường tân tạo a
8.0,4.0,32.0,2474.1666666666665,3,3.0,3.0,"nhà ngõ, hẻm",đã có sổ,nội thất cao cấp,phường bình hưng hoà b
6.0,4.5,27.0,4243.75,2,2.0,2.0,"nhà ngõ, hẻm",đã có sổ,hoàn thiện cơ bản,phường bình trị đông
22.0,7.2,144.0,3327.5,2,2.0,2.0,"nhà mặt phố, mặt tiền",đã có sổ,,phường bình hưng hoà a
14.5,4.0,58.0,4454.166666666667,4,3.0,5.0,"nhà ngõ, hẻm",đã có sổ,,phường bình hưng hòa
16.0,4.0,64.0,2832.0833333333335,3,1.0,2.0,"nhà ngõ, hẻm",đã có sổ,,phường bình trị đông b
21.0,6.0,126.0,4365.0,1,1.0,1.0,"nhà mặt phố, mặt tiền",đã có sổ,hoàn thiện cơ bản,phường bình trị đông b
15.0,4.0,60.0,5625.0,4,3.0,4.0,"nhà mặt phố, mặt tiền",đã có sổ,nội thất cao cấp,phường bình hưng hoà b
15.0,4.0,60.0,3159.5833333333335,4,4.0,5.0,"nhà ngõ, hẻm",đã có sổ,nội thất đầy đủ,phường bình hưng hoà b
17.0,4.0,69.0,4227.083333333333,5,5.0,5.0,"nhà ngõ, hẻm",đã có sổ,nội thất cao cấp,phường bình hưng hoà a
14.0,5.0,60.0,2569.5833333333335,4,3.0,3.0,"nhà ngõ, hẻm",đã có sổ,nội thất đầy đủ,phường bình hưng hoà b
14.0,4.0,56.0,4605.833333333333,5,4.0,5.0,"nhà mặt phố, mặt tiền",đã có sổ,,phường bình hưng hòa
20.0,4.0,80.0,3906.25,4,3.0,4.0,"nhà mặt phố, mặt tiền",đã có sổ,,phường an lạc a
12.0,4.0,48.0,4322.916666666667,3,3.0,4.0,"nhà mặt phố, mặt tiền",đã có sổ,,phường bình hưng hoà a
17.0,4.0,68.0,3492.5,5,4.0,6.0,"nhà ngõ, hẻm",đã có sổ,nội thất cao cấp,phường bình hưng hoà b
13.0,4.5,60.0,3958.3333333333335,5,5.0,5.0,"nhà ngõ, hẻm",đã có sổ,,phường bình trị đông
6.0,6.0,36.0,3333.3333333333335,2,2.0,2.0,"nhà ngõ, hẻm",đã có sổ,,phường bình hưng hoà a
15.0,5.0,76.0,1918.75,2,1.0,1.0,"nhà ngõ, hẻm",đã có sổ,bàn giao thô,phường bình trị đông
15.0,5.0,76.0,1918.75,2,1.0,1.0,"nhà ngõ, hẻm",đã có sổ,hoàn thiện cơ bản,phường bình trị đông
8.3,4.0,35.0,3154.5833333333335,2,2.0,2.0,"nhà ngõ, hẻm",đã có sổ,hoàn thiện cơ bản,phường bình hưng hoà b
16.0,4.0,64.0,2962.0833333333335,4,4.0,5.0,"nhà ngõ, hẻm",đã có sổ,nội thất đầy đủ,phường bình trị đông a
15.0,4.0,60.0,5694.583333333333,3,3.0,4.0,"nhà mặt phố, mặt tiền",đã có sổ,,phường bình trị đông b
10.0,4.0,40.0,3229.1666666666665,2,2.0,2.0,"nhà ngõ, hẻm",đã có sổ,,phường bình hưng hoà b
13.0,6.0,79.0,2678.75,2,2.0,3.0,"nhà mặt phố, mặt tiền",đã có sổ,nội thất đầy đủ,phường bình hưng hòa
8.0,4.0,32.0,2539.1666666666665,2,1.0,2.0,"nhà ngõ, hẻm",đã có sổ,nội thất đầy đủ,phường bình trị đông a
11.0,4.5,44.0,4735.0,4,3.0,3.0,"nhà ngõ, hẻm",đã có sổ,nội thất đầy đủ,phường an lạc
9.0,3.0,26.5,4166.666666666667,1,1.0,2.0,"nhà ngõ, hẻm",đã có sổ,hoàn thiện cơ bản,phường tân tạo
18.0,3.2,57.0,4751.666666666667,3,1.0,2.0,"nhà mặt phố, mặt tiền",đã có sổ,,phường an lạc a
16.0,4.0,64.0,3678.3333333333335,4,3.0,4.0,"nhà ngõ, hẻm",đã có sổ,,phường bình hưng hòa
16.0,4.0,65.0,3711.6666666666665,4,4.0,4.0,"nhà mặt phố, mặt tiền",đã có sổ,nội thất cao cấp,phường bình hưng hòa
14.0,5.0,70.0,3125.0,4,4.0,5.0,"nhà mặt phố, mặt tiền",đã có sổ,nội thất đầy đủ,phường bình trị đông a
6.0,4.0,24.0,3906.25,2,2.0,2.0,"nhà ngõ, hẻm",đã có sổ,,phường bình hưng hoà a
4.47213595499958,4.47213595499958,20.0,2604.1666666666665,2,1.0,2.0,"nhà ngõ, hẻm",đã có sổ,hoàn thiện cơ bản,phường bình trị đông
13.5,4.0,53.0,4630.416666666667,5,5.0,4.0,"nhà ngõ, hẻm",đã có sổ,,phường bình hưng hoà b
10.0,6.0,60.0,2986.25,3,3.0,3.0,"nhà ngõ, hẻm",đã có sổ,nội thất cao cấp,phường bình hưng hoà b
14.0,5.0,70.0,1809.5833333333333,2,2.0,2.0,"nhà ngõ, hẻm",đã có sổ,,phường bình hưng hoà b
4.0,4.0,16.0,2213.3333333333335,2,2.0,2.0,"nhà mặt phố, mặt tiền",sổ chung / công chứng vi bằng,,phường tân tạo
16.0,4.0,64.0,2864.5833333333335,1,1.0,1.0,"nhà ngõ, hẻm",đã có sổ,,phường bình trị đông a
12.5,5.5,70.0,3862.9166666666665,5,5.0,6.0,"nhà mặt phố, mặt tiền",đã có sổ,nội thất đầy đủ,phường bình hưng hòa
15.0,4.0,60.0,3750.0,3,3.0,3.0,"nhà ngõ, hẻm",đã có sổ,hoàn thiện cơ bản,phường bình trị đông a
9.0,4.0,36.0,4340.416666666667,2,2.0,2.0,"nhà ngõ, hẻm",đã có sổ,,phường bình hưng hoà a
10.3,3.0,30.0,2777.9166666666665,3,2.0,2.0,"nhà ngõ, hẻm",đã có sổ,nội thất đầy đủ,phường bình trị đông
19.0,4.0,75.0,3500.0,3,2.0,3.0,"nhà ngõ, hẻm",đã có sổ,hoàn thiện cơ bản,phường bình trị đông
16.5,4.0,66.0,2303.75,3,2.0,3.0,"nhà ngõ, hẻm",đã có sổ,,phường bình hưng hoà b
12.5,4.0,50.0,4041.6666666666665,4,3.0,3.0,"nhà ngõ, hẻm",đã có sổ,nội thất cao cấp,phường bình trị đông
18.0,4.0,70.0,2737.9166666666665,3,2.0,3.0,"nhà ngõ, hẻm",đã có sổ,,phường bình trị đông
12.0,4.0,48.0,3645.8333333333335,2,1.0,2.0,"nhà ngõ, hẻm",đã có sổ,,phường bình hưng hòa
11.0,4.0,44.0,4072.0833333333335,4,3.0,3.0,"nhà ngõ, hẻm",đang chờ sổ,nội thất cao cấp,phường bình trị đông
12.0,4.0,48.0,3298.75,1,1.0,1.0,"nhà ngõ, hẻm",đã có sổ,,phường bình hưng hoà a
21.5,4.0,85.5,1705.8333333333333,3,1.0,3.0,"nhà ngõ, hẻm",đã có sổ,,phường tân tạo
9.0,3.6,33.0,3724.5833333333335,4,4.0,4.0,"nhà ngõ, hẻm",đã có sổ,nội thất cao cấp,phường bình trị đông
14.0,4.0,56.0,5133.75,4,3.0,5.0,"nhà ngõ, hẻm",đã có sổ,nội thất cao cấp,phường bình hưng hoà a
20.0,4.0,80.0,2812.5,5,4.0,5.0,"nhà ngõ, hẻm",đã có sổ,nội thất đầy đủ,phường bình trị đông a
14.0,4.1,54.0,3626.6666666666665,4,3.0,3.0,nhà phố liền kề,đã có sổ,nội thất đầy đủ,phường bình hưng hòa
20.0,4.1,91.0,2266.6666666666665,5,2.0,2.0,"nhà ngõ, hẻm",đã có sổ,nội thất đầy đủ,phường bình trị đông
29.0,4.5,130.0,2724.1666666666665,3,2.0,3.0,"nhà ngõ, hẻm",đã có sổ,nội thất đầy đủ,phường bình trị đông b
15.0,4.0,60.0,3819.5833333333335,5,4.0,5.0,"nhà ngõ, hẻm",đã có sổ,nội thất đầy đủ,phường bình trị đông a
20.0,5.0,99.0,2925.0,4,2.0,2.0,"nhà mặt phố, mặt tiền",đã có sổ,hoàn thiện cơ bản,phường bình hưng hòa
14.5,4.0,58.0,3448.3333333333335,3,3.0,3.0,"nhà ngõ, hẻm",đã có sổ,nội thất đầy đủ,phường bình hưng hoà b
8.0,4.0,33.0,4267.5,3,2.0,2.0,"nhà ngõ, hẻm",đã có sổ,nội thất đầy đủ,phường bình hưng hòa
16.0,4.0,64.0,4882.916666666667,4,4.0,3.0,"nhà ngõ, hẻm",đã có sổ,hoàn thiện cơ bản,phường bình trị đông b
9.0,3.0,27.0,4089.5833333333335,1,2.0,2.0,"nhà ngõ, hẻm",đã có sổ,hoàn thiện cơ bản,phường tân tạo
8.0,4.0,30.0,2083.3333333333335,2,2.0,2.0,"nhà ngõ, hẻm",sổ chung / công chứng vi bằng,nội thất đầy đủ,phường bình hưng hòa
18.5,5.0,92.0,3895.0,4,2.0,5.0,"nhà mặt phố, mặt tiền",đã có sổ,,phường an lạc
12.0,5.2,64.8,2347.0833333333335,2,1.0,1.0,"nhà ngõ, hẻm",đã có sổ,,phường bình trị đông a
10.0,3.5,35.0,2297.5,2,1.0,2.0,"nhà ngõ, hẻm",đã có sổ,nội thất cao cấp,phường tân tạo
12.0,4.0,48.0,4166.666666666667,5,4.0,4.0,"nhà ngõ, hẻm",đã có sổ,,phường bình trị đông a
12.0,4.0,48.0,2995.0,2,2.0,2.0,"nhà mặt phố, mặt tiền",đã có sổ,,phường bình hưng hoà b
28.0,4.1,118.0,2507.0833333333335,3,1.0,3.0,"nhà ngõ, hẻm",đã có sổ,,phường bình hưng hòa
12.0,4.0,48.0,4427.083333333333,4,4.0,3.0,"nhà ngõ, hẻm",đã có sổ,nội thất đầy đủ,phường bình trị đông a
9.0,4.0,36.0,3472.0833333333335,3,3.0,2.0,"nhà ngõ, hẻm",đã có sổ,,phường bình hưng hoà b
20.0,4.0,80.0,2916.6666666666665,5,5.0,5.0,"nhà ngõ, hẻm",đã có sổ,,phường bình trị đông a
20.0,4.0,80.0,4270.833333333333,6,5.0,7.0,"nhà ngõ, hẻm",đã có sổ,nội thất cao cấp,phường bình trị đông a
13.0,4.0,46.0,2716.6666666666665,2,1.0,1.0,"nhà ngõ, hẻm",đã có sổ,,phường bình hưng hoà b
12.0,4.0,48.0,3038.3333333333335,3,1.0,2.0,"nhà ngõ, hẻm",đã có sổ,,phường bình hưng hoà b
10.0,4.0,40.0,3104.1666666666665,2,2.0,2.0,"nhà mặt phố, mặt tiền",đã có sổ,nội thất đầy đủ,phường bình trị đông
22.0,3.6,72.0,1446.6666666666667,2,2.0,2.0,"nhà ngõ, hẻm",giấy tờ viết tay,,phường bình hưng hoà a
13.0,4.0,52.0,3605.8333333333335,4,3.0,3.0,"nhà ngõ, hẻm",đã có sổ,hoàn thiện cơ bản,phường bình trị đông
6.0,2.2,13.0,3525.8333333333335,1,1.0,1.0,"nhà ngõ, hẻm",giấy tờ viết tay,,phường bình trị đông
20.3,4.02,81.0,2546.25,3,1.0,2.0,"nhà ngõ, hẻm",đã có sổ,,phường bình trị đông
9.0,6.0,52.0,3926.25,4,4.0,4.0,"nhà ngõ, hẻm",đã có sổ,,phường bình hưng hòa
20.0,5.0,100.0,2541.6666666666665,2,1.0,2.0,"nhà ngõ, hẻm",đã có sổ,,phường bình hưng hòa
18.0,4.4,87.7,3088.3333333333335,3,3.0,2.0,"nhà mặt phố, mặt tiền",đã có sổ,nội thất đầy đủ,phường bình hưng hoà a
10.0,4.0,40.0,3333.3333333333335,2,1.0,2.0,"nhà ngõ, hẻm",đã có sổ,,phường bình hưng hòa
15.0,5.0,76.0,2192.9166666666665,2,1.0,1.0,"nhà ngõ, hẻm",đã có sổ,bàn giao thô,phường bình trị đông
9.0,3.0,27.0,4089.5833333333335,2,2.0,2.0,"nhà ngõ, hẻm",đã có sổ,nội thất cao cấp,phường tân tạo
20.0,4.0,80.0,4218.75,8,3.0,5.0,"nhà ngõ, hẻm",đã có sổ,,phường bình trị đông a
18.0,4.0,72.0,3443.3333333333335,4,3.0,5.0,"nhà ngõ, hẻm",đã có sổ,,phường an lạc
12.0,5.0,57.0,5255.833333333333,5,4.0,3.0,"nhà mặt phố, mặt tiền",đã có sổ,nội thất đầy đủ,phường tân tạo
11.3,4.0,45.0,4027.9166666666665,3,2.0,3.0,"nhà mặt phố, mặt tiền",đã có sổ,hoàn thiện cơ bản,phường bình hưng hòa
11.0,4.0,42.0,4315.416666666667,2,2.0,2.0,"nhà mặt phố, mặt tiền",đã có sổ,nội thất cao cấp,phường bình hưng hoà a
7.2,4.2,30.0,2776.25,2,2.0,1.0,"nhà ngõ, hẻm",đã có sổ,,phường bình trị đông
24.0,5.0,120.0,3437.5,5,4.0,6.0,"nhà mặt phố, mặt tiền",đã có sổ,nội thất cao cấp,phường bình hưng hoà b
22.3,4.0,97.0,3264.5833333333335,4,3.0,4.0,"nhà mặt phố, mặt tiền",đã có sổ,nội thất đầy đủ,phường bình hưng hoà b
16.0,4.0,64.0,3841.25,3,4.0,4.0,"nhà ngõ, hẻm",đã có sổ,hoàn thiện cơ bản,phường bình hưng hòa
21.0,4.3,83.0,4267.083333333333,8,5.0,7.0,"nhà ngõ, hẻm",đã có sổ,nội thất cao cấp,phường bình hưng hòa
7.483314773547883,7.483314773547883,56.0,3460.0,3,3.0,4.0,"nhà ngõ, hẻm",đã có sổ,hoàn thiện cơ bản,phường bình trị đông
10.0,3.0,30.0,4152.916666666667,2,2.0,2.0,"nhà ngõ, hẻm",đã có sổ,,phường bình trị đông
13.0,4.0,52.0,3886.25,4,4.0,3.0,"nhà ngõ, hẻm",đã có sổ,,phường bình hưng hoà b
13.4,14.5,190.0,2982.5,3,2.0,2.0,"nhà mặt phố, mặt tiền",đã có sổ,,phường bình trị đông
15.0,4.0,60.0,5000.0,4,5.0,5.0,"nhà ngõ, hẻm",đã có sổ,,phường bình hưng hoà a
10.0,3.0,30.0,2569.5833333333335,2,1.0,2.0,"nhà ngõ, hẻm",sổ chung / công chứng vi bằng,nội thất đầy đủ,phường bình hưng hoà b
12.0,4.0,47.6,2582.0833333333335,2,2.0,2.0,"nhà ngõ, hẻm",đã có sổ,,phường tân tạo
9.0,3.0,27.0,4629.583333333333,4,4.0,4.0,"nhà ngõ, hẻm",đã có sổ,nội thất đầy đủ,phường bình trị đông a
13.0,4.8,62.0,2822.5,2,2.0,2.0,"nhà ngõ, hẻm",đã có sổ,nội thất cao cấp,phường bình trị đông
14.0,8.0,108.0,3086.25,5,3.0,4.0,"nhà ngõ, hẻm",đã có sổ,nội thất đầy đủ,phường bình trị đông
16.0,5.0,80.0,3385.4166666666665,4,3.0,4.0,"nhà ngõ, hẻm",đã có sổ,nội thất đầy đủ,phường an lạc
12.0,4.0,48.0,4774.166666666667,3,4.0,4.0,"nhà ngõ, hẻm",đã có sổ,nội thất cao cấp,phường bình hưng hòa
14.0,4.5,63.0,2632.0833333333335,2,2.0,2.0,"nhà ngõ, hẻm",đã có sổ,,phường bình trị đông a
11.0,4.0,44.0,5965.833333333333,5,6.0,4.0,"nhà ngõ, hẻm",đã có sổ,nội thất cao cấp,phường bình trị đông
12.0,4.0,48.0,3472.0833333333335,4,3.0,3.0,"nhà ngõ, hẻm",đã có sổ,,phường bình trị đông
17.0,4.2,68.0,3860.4166666666665,5,3.0,2.0,"nhà ngõ, hẻm",đã có sổ,,phường bình trị đông
10.0,4.5,45.0,4490.833333333333,4,3.0,4.0,"nhà mặt phố, mặt tiền",đã có sổ,nội thất đầy đủ,phường bình trị đông a
14.5,4.5,65.0,3974.1666666666665,6,4.0,7.0,"nhà ngõ, hẻm",đã có sổ,nội thất đầy đủ,phường bình hưng hoà a
11.5,4.0,46.0,3079.5833333333335,2,1.0,2.0,"nhà ngõ, hẻm",đã có sổ,hoàn thiện cơ bản,phường bình hưng hoà b
6.5,4.0,25.0,4100.0,2,2.0,2.0,"nhà ngõ, hẻm",đã có sổ,hoàn thiện cơ bản,phường bình trị đông
15.0,4.0,60.0,4298.75,4,4.0,4.0,"nhà ngõ, hẻm",đã có sổ,nội thất cao cấp,phường bình hưng hòa
14.0,4.0,56.0,3534.1666666666665,4,4.0,4.0,"nhà ngõ, hẻm",đã có sổ,nội thất đầy đủ,phường bình trị đông
20.0,5.0,100.0,5625.0,6,4.0,6.0,"nhà mặt phố, mặt tiền",đã có sổ,,phường bình trị đông b
16.0,4.0,64.0,4492.083333333333,4,4.0,5.0,"nhà ngõ, hẻm",đã có sổ,nội thất cao cấp,phường bình trị đông a
18.0,4.0,72.0,3703.75,3,3.0,3.0,"nhà ngõ, hẻm",đã có sổ,nội thất đầy đủ,phường tân tạo
19.0,6.0,113.0,4756.666666666667,6,5.0,6.0,"nhà mặt phố, mặt tiền",đã có sổ,,phường an lạc
12.0,4.0,48.0,3359.1666666666665,2,2.0,2.0,"nhà ngõ, hẻm",đã có sổ,nội thất đầy đủ,phường bình trị đông
12.0,4.0,48.0,5815.833333333333,4,5.0,4.0,"nhà mặt phố, mặt tiền",đã có sổ,nội thất đầy đủ,phường an lạc a
12.0,4.0,48.0,3472.0833333333335,2,2.0,2.0,"nhà ngõ, hẻm",đã có sổ,,phường bình trị đông
16.0,4.0,64.0,4036.6666666666665,4,2.0,3.0,"nhà ngõ, hẻm",đã có sổ,,phường bình trị đông
13.0,4.0,52.0,4246.666666666667,4,4.0,3.0,"nhà mặt phố, mặt tiền",đã có sổ,nội thất đầy đủ,phường bình trị đông
10.0,4.0,40.0,2291.6666666666665,4,3.0,3.0,"nhà ngõ, hẻm",đã có sổ,nội thất đầy đủ,phường bình hưng hoà a
10.0,5.0,51.0,4085.0,4,2.0,2.0,"nhà ngõ, hẻm",đã có sổ,hoàn thiện cơ bản,phường bình trị đông a
7.0,3.4,27.0,4074.1666666666665,2,2.0,2.0,"nhà ngõ, hẻm",đã có sổ,,phường an lạc a
17.5,4.0,70.0,2500.0,4,1.0,2.0,"nhà ngõ, hẻm",đã có sổ,,phường bình hưng hoà a
10.0,4.0,40.0,2447.9166666666665,2,2.0,2.0,"nhà ngõ, hẻm",đã có sổ,nội thất đầy đủ,phường bình trị đông
16.5,4.0,65.0,3846.25,4,4.0,5.0,"nhà ngõ, hẻm",đã có sổ,,phường bình trị đông b
14.5,4.0,57.0,3655.0,4,3.0,3.0,"nhà ngõ, hẻm",đã có sổ,nội thất đầy đủ,phường bình trị đông b
14.0,5.0,68.0,3308.75,2,2.0,2.0,"nhà ngõ, hẻm",đã có sổ,,phường an lạc
28.0,4.0,100.0,2708.3333333333335,2,2.0,1.0,"nhà mặt phố, mặt tiền",đã có sổ,hoàn thiện cơ bản,phường bình hưng hoà a
19.0,4.0,76.0,3727.9166666666665,4,5.0,4.0,"nhà ngõ, hẻm",đã có sổ,,phường bình trị đông
10.0,3.0,30.0,3680.4166666666665,2,1.0,1.0,"nhà mặt phố, mặt tiền",đã có sổ,nội thất cao cấp,phường tân tạo
18.0,4.0,70.0,2529.5833333333335,2,2.0,1.0,"nhà ngõ, hẻm",đã có sổ,nội thất đầy đủ,phường bình hưng hoà a
12.0,4.0,48.0,4166.666666666667,4,4.0,3.0,"nhà ngõ, hẻm",đã có sổ,,phường bình trị đông
10.0,4.0,40.0,4010.4166666666665,2,2.0,2.0,"nhà ngõ, hẻm",đã có sổ,,phường bình hưng hoà a
10.0,4.0,40.0,3750.0,3,2.0,2.0,"nhà ngõ, hẻm",đã có sổ,hoàn thiện cơ bản,phường bình hưng hoà b
7.0,4.0,28.0,3645.8333333333335,2,1.0,2.0,"nhà ngõ, hẻm",đã có sổ,nội thất cao cấp,phường bình trị đông
10.0,4.0,40.0,5312.5,3,4.0,3.0,"nhà mặt phố, mặt tiền",đã có sổ,nội thất đầy đủ,phường bình hưng hoà a
16.0,4.0,64.0,4036.6666666666665,4,4.0,5.0,"nhà ngõ, hẻm",đã có sổ,nội thất cao cấp,phường bình hưng hoà a
11.0,6.0,66.0,3345.8333333333335,2,3.0,4.0,"nhà ngõ, hẻm",đã có sổ,hoàn thiện cơ bản,phường bình hưng hòa
12.0,5.0,60.0,3472.0833333333335,4,4.0,5.0,"nhà ngõ, hẻm",đã có sổ,,phường bình hưng hoà a
