DiaChi,chieuDai,chieuNgang,dienTich,dienTichDat,dienTichSuDung,Gia/m2,Phongngu,SoTang,PhongTam,Loai,GiayTo,dacDiem,huongCuaChinh,TinhTrangNoiThat,Gia
"Đường Ni Sư Huỳnh Liên, Phường 10, Quận Tân Bình, Tp Hồ Chí Minh",20 m,23 m,345 m²,345 m²,1000 m²,"- 126,09 triệu/m²",nhiều hơn 10 phòng,5,Nhiều hơn 6 phòng,"Nhà mặt phố, mặt tiền",Đã có sổ,,,Nội thất cao cấp,"43,5 tỷ"
"54/71, 264 Lê Văn Lương, Phường Tân Hưng, Quận 7, Tp Hồ Chí Minh",,,24 m²,,,"- 87,50 triệu/m²",2 phòng,2,2 phòng,Nhà biệt thự,Đã có sổ,,Nam,Nội thất đầy đủ,"2,1 tỷ"
"Đường Lê Tấn Bê, Phường An Lạc, Quận Bình Tân, Tp Hồ Chí Minh",20 m,7 m,140 m²,140 m²,140 m²,"- 49,99 triệu/m²",2 phòng,1,2 phòng,"Nhà ngõ, hẻm",Đã có sổ,Nhà nở hậu,,,"6,999 tỷ"
"Đường Mai Xuân Thưởng, Phường 6, Quận 6, Tp Hồ Chí Minh",18 m,3.5 m,64.4 m²,64.4 m²,52.4 m²,"- 133,54 triệu/m²",3 phòng,2,2 phòng,"Nhà ngõ, hẻm",Đã có sổ,"Hẻm xe hơi,Nhà nở hậu",Bắc,Hoàn thiện cơ bản,"8,6 tỷ"
"Đường Ba Tháng Hai, Phường 14, Quận 10, Tp Hồ Chí Minh",4 m,4.3 m,17.2 m²,17.2 m²,,"- 174,42 triệu/m²",2 phòng,,,"Nhà ngõ, hẻm",Đã có sổ,,,,3 tỷ
"Đường Chiến Lược, Phường Tân Tạo, Quận Bình Tân, Tp Hồ Chí Minh",8 m,4 m,32 m²,,32 m²,- 75 triệu/m²,2 phòng,,2 phòng,"Nhà ngõ, hẻm",Đã có sổ,,,,"2,4 tỷ"
"Đường Tân Long, Xã Bình Chánh, Huyện Bình Chánh, Tp Hồ Chí Minh",,,141 m²,141 m²,,"- 9,22 triệu/m²",3 phòng,2,2 phòng,"Nhà ngõ, hẻm",Đã có sổ,,,Hoàn thiện cơ bản,"1,3 tỷ"
"Đường Nguyễn Văn Công, Phường 3, Quận Gò Vấp, Tp Hồ Chí Minh",12 m,4 m,48 m²,48 m²,115 m²,"- 114,58 triệu/m²",5 phòng,3,3 phòng,"Nhà ngõ, hẻm",Đã có sổ,,,,"5,5 tỷ"
"Đường Trần Đại Nghĩa, Xã Tân Kiên, Huyện Bình Chánh, Tp Hồ Chí Minh",14.6 m,5.5 m,80.4 m²,80.4 m²,,"- 11,01 triệu/m²",2 phòng,1,2 phòng,"Nhà ngõ, hẻm",Đã có sổ,Hẻm xe hơi,,Hoàn thiện cơ bản,885 triệu
"Đường Trần Thị Hè, Phường Hiệp Thành, Quận 12, Tp Hồ Chí Minh",32 m,4 m,124 m²,124 m²,189 m²,"- 55,65 triệu/m²",3 phòng,2,2 phòng,"Nhà mặt phố, mặt tiền",Đã có sổ,Hẻm xe hơi,Đông Nam,Nội thất đầy đủ,"6,9 tỷ"
"Hoàng Hoa Thám, Phường 6, Quận Bình Thạnh, Tp Hồ Chí Minh",,,80 m²,80 m²,,"- 96,25 triệu/m²",5 phòng,,,"Nhà ngõ, hẻm",Đã có sổ,"Hẻm xe hơi,Nhà nở hậu",,Nội thất cao cấp,"7,7 tỷ"
"Đường Trịnh Thị Miếng, Xã Thới Tam Thôn, Huyện Hóc Môn, Tp Hồ Chí Minh",17 m,4 m,65 m²,65 m²,65 m²,"- 30,77 triệu/m²",2 phòng,,1 phòng,"Nhà ngõ, hẻm",Đã có sổ,Hẻm xe hơi,,,2 tỷ
"Đường Hòa Hưng, Phường 12, Quận 10, Tp Hồ Chí Minh",,,55 m²,55 m²,131 m²,"- 161,82 triệu/m²",3 phòng,3,3 phòng,"Nhà ngõ, hẻm",Đã có sổ,,,,"8,9 tỷ"
"Đường Kha Vạn Cân, Phường Linh Tây (Quận Thủ Đức cũ), Thành phố Thủ Đức, Tp Hồ Chí Minh",19 m,4.5 m,86 m²,86 m²,,- 100 triệu/m²,2 phòng,,2 phòng,Nhà phố liền kề,Đã có sổ,Hẻm xe hơi,,,"8,6 tỷ"
"Đường Trần Đại Nghĩa, Xã Tân Kiên, Huyện Bình Chánh, Tp Hồ Chí Minh",16 m,5 m,81.2 m²,81.2 m²,81.2 m²,"- 10,47 triệu/m²",3 phòng,,2 phòng,"Nhà ngõ, hẻm",Đã có sổ,Hẻm xe hơi,,,850 triệu
"Hẻm 300 Bùi Văn Ngữ, Phường Hiệp Thành, Quận 12, Tp Hồ Chí Minh",12.5 m,4 m,50 m²,50 m²,200 m²,- 104 triệu/m²,4 phòng,4,4 phòng,Nhà phố liền kề,Đã có sổ,Hẻm xe hơi,,Nội thất cao cấp,"5,2 tỷ"
"Đường Số 7, Phường Linh Trung (Quận Thủ Đức cũ), Thành phố Thủ Đức, Tp Hồ Chí Minh",16 m,4 m,60 m²,60 m²,,"- 94,17 triệu/m²",3 phòng,,3 phòng,Nhà phố liền kề,Đã có sổ,"Hẻm xe hơi,Nhà nở hậu",,Nội thất đầy đủ,"5,65 tỷ"
"Đường Bình Thành, Phường Bình Hưng Hoà B, Quận Bình Tân, Tp Hồ Chí Minh",20 m,8 m,80 m²,80 m²,,"- 41,12 triệu/m²",2 phòng,,,"Nhà ngõ, hẻm",Đã có sổ,Hẻm xe hơi,,,"3,29 tỷ"
"Đường Đinh Đức Thiện, Xã Bình Chánh, Huyện Bình Chánh, Tp Hồ Chí Minh",,,60 m²,60 m²,,"- 18,33 triệu/m²",2 phòng,,,"Nhà ngõ, hẻm",Đã có sổ,Hẻm xe hơi,,,"1,1 tỷ"
"Đường Bình Thành, Phường Bình Hưng Hoà B, Quận Bình Tân, Tp Hồ Chí Minh",8.1 m,4 m,32.5 m²,32.5 m²,,"- 107,69 triệu/m²",4 phòng,4,4 phòng,"Nhà ngõ, hẻm",Đã có sổ,Hẻm xe hơi,,,"3,5 tỷ"
"Đường Mã Lò, Phường Bình Trị Đông A, Quận Bình Tân, Tp Hồ Chí Minh",14 m,5 m,70 m²,70 m²,210 m²,"- 74,29 triệu/m²",6 phòng,4,5 phòng,"Nhà ngõ, hẻm",Đã có sổ,Hẻm xe hơi,,Nội thất đầy đủ,"5,2 tỷ"
"Đường Số 8, Phường Bình Hưng Hoà B, Quận Bình Tân, Tp Hồ Chí Minh",18 m,4 m,72 m²,72 m²,250 m²,"- 88,89 triệu/m²",5 phòng,4,5 phòng,"Nhà mặt phố, mặt tiền",Đã có sổ,,Đông Bắc,,"6,4 tỷ"
"Đường số 8, Phường Bình Hưng Hoà B, Quận Bình Tân, Tp Hồ Chí Minh",10 m,4 m,40 m²,40 m²,,- 80 triệu/m²,2 phòng,,,"Nhà ngõ, hẻm",Đã có sổ,Hẻm xe hơi,,,"3,2 tỷ"
"Đường Thoại Ngọc Hầu, Phường Phú Thạnh, Quận Tân Phú, Tp Hồ Chí Minh",12 m,4.3 m,51 m²,51 m²,192 m²,"- 146,08 triệu/m²",6 phòng,4,4 phòng,"Nhà ngõ, hẻm",Đã có sổ,Hẻm xe hơi,,Hoàn thiện cơ bản,"7,45 tỷ"
"Hẻm 413, Lê Văn Sỹ, Phường 12, Quận 3, Tp Hồ Chí Minh",7.55 m,5 m,38 m²,38 m²,159.8 m²,"- 407,89 triệu/m²",3 phòng,4,3 phòng,"Nhà ngõ, hẻm",Đã có sổ,Hẻm xe hơi,Tây Nam,Nội thất đầy đủ,"15,5 tỷ"
"Đường số 8, Phường Linh Trung (Quận Thủ Đức cũ), Thành phố Thủ Đức, Tp Hồ Chí Minh",23 m,5.2 m,120 m²,120 m²,120 m²,"- 104,17 triệu/m²",5 phòng,1,,"Nhà mặt phố, mặt tiền",Đã có sổ,,,Hoàn thiện cơ bản,"12,5 tỷ"
"Đường Lê Văn Khương, Phường Hiệp Thành, Quận 12, Tp Hồ Chí Minh",10 m,4 m,40 m²,40 m²,80 m²,- 60 triệu/m²,2 phòng,1,2 phòng,"Nhà ngõ, hẻm",Đã có sổ,,Tây,Hoàn thiện cơ bản,"2,4 tỷ"
"Tân THỚI Nhất Q12, Phường Tân Thới Nhất, Quận 12, Tp Hồ Chí Minh",12 m,4.8 m,57 m²,57 m²,,"- 78,95 triệu/m²",3 phòng,,2 phòng,"Nhà ngõ, hẻm",Đã có sổ,Hẻm xe hơi,Đông Nam,,"4,5 tỷ"
"Đường Huỳnh Tấn Phát, Thị trấn Nhà Bè, Huyện Nhà Bè, Tp Hồ Chí Minh",7 m,4 m,28 m²,28 m²,,"- 67,14 triệu/m²",2 phòng,2,1 phòng,"Nhà ngõ, hẻm",Đã có sổ,,,Hoàn thiện cơ bản,"1,88 tỷ"
"Đường Trường Chinh, Phường Tân Thới Nhất, Quận 12, Tp Hồ Chí Minh",9 m,4.1 m,37 m²,37 m²,74 m²,- 100 triệu/m²,2 phòng,2,2 phòng,"Nhà ngõ, hẻm",Đã có sổ,Nhà nở hậu,Bắc,,"3,7 tỷ"
"Đường Nguyễn Văn Nghi, Phường 7, Quận Gò Vấp, Tp Hồ Chí Minh",11 m,4 m,45 m²,45 m²,,"- 108,89 triệu/m²",3 phòng,,,"Nhà ngõ, hẻm",Đã có sổ,Hẻm xe hơi,,,"4,9 tỷ"
"Đường Tân Hòa Đông, Phường 14, Quận 6, Tp Hồ Chí Minh",5.2 m,3.2 m,16 m²,16 m²,16 m²,"- 143,75 triệu/m²",1 phòng,2,,"Nhà ngõ, hẻm",Đã có sổ,,Đông Bắc,,"2,3 tỷ"
"Đường Trương Hoàng Thanh, Phường 12, Quận Tân Bình, Tp Hồ Chí Minh",12 m,4 m,48 m²,48 m²,,- 250 triệu/m²,4 phòng,3,3 phòng,"Nhà mặt phố, mặt tiền",Đã có sổ,Hẻm xe hơi,,Nội thất cao cấp,12 tỷ
"123, Xã Vĩnh Lộc B, Huyện Bình Chánh, Tp Hồ Chí Minh",10 m,4 m,40 m²,,40 m²,- 25 triệu/m²,2 phòng,,2 phòng,"Nhà ngõ, hẻm",Giấy tờ viết tay,,,,1 tỷ
"Đường Bình Lợi, Phường 13, Quận Bình Thạnh, Tp Hồ Chí Minh",20 m,5 m,100 m²,100 m²,,- 129 triệu/m²,3 phòng,2,4 phòng,"Nhà mặt phố, mặt tiền",Đã có sổ,Hẻm xe hơi,Tây Bắc,Nội thất cao cấp,"12,9 tỷ"
"Mai Xuân Thưởng, Phường 1, Quận 6, Tp Hồ Chí Minh",15.5 m,3.5 m,54.25 m²,54.25 m²,,"- 106,91 triệu/m²",1 phòng,1,1 phòng,"Nhà ngõ, hẻm",Đã có sổ,Hẻm xe hơi,,,"5,8 tỷ"
"Đường số 20, Phường Hiệp Bình Chánh (Quận Thủ Đức cũ), Thành phố Thủ Đức, Tp Hồ Chí Minh",26 m,4.3 m,110 m²,110 m²,,"- 86,36 triệu/m²",3 phòng,,3 phòng,"Nhà mặt phố, mặt tiền",Đã có sổ,Hẻm xe hơi,,Nội thất đầy đủ,"9,5 tỷ"
"Đường Phú Thuận, Phường Phú Thuận, Quận 7, Tp Hồ Chí Minh",19.6 m,5 m,98.2 m²,98.2 m²,295 m²,"- 140,53 triệu/m²",5 phòng,4,5 phòng,"Nhà mặt phố, mặt tiền",Đã có sổ,,Tây,Nội thất đầy đủ,"13,8 tỷ"
"Đường Số 490, Xã Phạm Văn Cội, Huyện Củ Chi, Tp Hồ Chí Minh",42 m,6 m,252 m²,252 m²,252 m²,"- 13,29 triệu/m²",2 phòng,,1 phòng,"Nhà mặt phố, mặt tiền",Đã có sổ,,Đông Nam,,"3,35 tỷ"
"Quốc lộ 13, Phường Hiệp Bình Chánh (Quận Thủ Đức cũ), Thành phố Thủ Đức, Tp Hồ Chí Minh",20 m,5 m,100 m²,100 m²,274 m²,- 95 triệu/m²,6 phòng,4,Nhiều hơn 6 phòng,"Nhà ngõ, hẻm",Đã có sổ,Hẻm xe hơi,,Nội thất đầy đủ,"9,5 tỷ"
"Đường Số 39, Phường Bình Trưng Tây (Quận 2 cũ), Thành phố Thủ Đức, Tp Hồ Chí Minh",,,66 m²,66 m²,,"- 106,06 triệu/m²",4 phòng,,4 phòng,"Nhà mặt phố, mặt tiền",Đã có sổ,,,,7 tỷ
"Đường Lô Đất, Xã Phú Xuân, Huyện Nhà Bè, Tp Hồ Chí Minh",10 m,3 m,30 m²,30 m²,,"- 71,67 triệu/m²",4 phòng,3,3 phòng,"Nhà ngõ, hẻm",Đã có sổ,Hẻm xe hơi,,,"2,15 tỷ"
"Đường số 2, Phường Bình Hưng Hoà A, Quận Bình Tân, Tp Hồ Chí Minh",14 m,4 m,56 m²,56 m²,112 m²,"- 76,79 triệu/m²",2 phòng,2,2 phòng,"Nhà ngõ, hẻm",Đã có sổ,Hẻm xe hơi,Đông,Nội thất đầy đủ,"4,3 tỷ"
"Đường Bến Súc, Xã An Phú, Huyện Củ Chi, Tp Hồ Chí Minh",53 m,4 m,212 m²,212 m²,212 m²,"- 10,38 triệu/m²",2 phòng,,1 phòng,"Nhà mặt phố, mặt tiền",Đã có sổ,,Tây Bắc,,"2,2 tỷ"
"Đường Huỳnh Văn Trí, Xã Bình Chánh, Huyện Bình Chánh, Tp Hồ Chí Minh",,,40 m²,40 m²,,- 30 triệu/m²,2 phòng,,,"Nhà ngõ, hẻm",Đã có sổ,,,,"1,2 tỷ"
"Đường Nguyễn Văn Bứa, Xã Xuân Thới Sơn, Huyện Hóc Môn, Tp Hồ Chí Minh",10 m,4.5 m,45 m²,45 m²,90 m²,"- 52,22 triệu/m²",2 phòng,1,2 phòng,"Nhà mặt phố, mặt tiền",Đã có sổ,,,Hoàn thiện cơ bản,"2,35 tỷ"
"Tân Túc, Thị trấn Tân Túc, Huyện Bình Chánh, Tp Hồ Chí Minh",,,47.8 m²,47.8 m²,,"- 14,85 triệu/m²",1 phòng,,,"Nhà ngõ, hẻm",Đã có sổ,,,,710 triệu
"Đường số 10, Phường An Lạc A, Quận Bình Tân, Tp Hồ Chí Minh",13 m,4 m,52 m²,52 m²,,"- 173,08 triệu/m²",4 phòng,4,4 phòng,"Nhà mặt phố, mặt tiền",Đã có sổ,,,,9 tỷ
"Hẻm 8 Nguyễn Đình Khơi, Phường 4, Quận Tân Bình, Tp Hồ Chí Minh",14.5 m,5 m,72.7 m²,72.7 m²,72.7 m²,"- 47,59 triệu/m²",4 phòng,2,4 phòng,Nhà phố liền kề,Đã có sổ,Hẻm xe hơi,,Nội thất đầy đủ,"3,46 tỷ"
"Đường Nguyễn Thái Sơn, Phường 5, Quận Gò Vấp, Tp Hồ Chí Minh",,,45 m²,45 m²,,"- 141,11 triệu/m²",3 phòng,,,"Nhà ngõ, hẻm",Đã có sổ,,,,"6,35 tỷ"
Đường Nguyễn Thị Thập,20 m,7.5 m,150 m²,150 m²,,"- 233,33 triệu/m²",4 phòng,,,Nhà biệt thự,Đã có sổ,,,,35 tỷ
,,,,,,,,,,,,,,,
"Đường Lê Văn Khương, Phường Hiệp Thành, Quận 12, Tp Hồ Chí Minh",15 m,4 m,58 m²,58 m²,179 m²,"- 102,76 triệu/m²",4 phòng,4,5 phòng,"Nhà ngõ, hẻm",Đã có sổ,Hẻm xe hơi,Đông Nam,Nội thất đầy đủ,"5,96 tỷ"
"Đường Phạm Văn Hai, Phường 3, Quận Tân Bình, Tp Hồ Chí Minh",15 m,3.3 m,42 m²,42 m²,120 m²,"- 154,76 triệu/m²",4 phòng,,3 phòng,"Nhà ngõ, hẻm",Đã có sổ,Hẻm xe hơi,,Nội thất đầy đủ,"6,5 tỷ"
"Đường Hiệp Thành 35, Phường Hiệp Thành, Quận 12, Tp Hồ Chí Minh",4.2 m,3.6 m,15.54 m²,15.54 m²,28 m²,"- 46,33 triệu/m²",1 phòng,,1 phòng,"Nhà ngõ, hẻm",Sổ chung / công chứng vi bằng,,,,720 triệu
"Đường Đinh Đức Thiện, Xã Bình Chánh, Huyện Bình Chánh, Tp Hồ Chí Minh",14.5 m,9 m,130 m²,130 m²,,"- 17,31 triệu/m²",4 phòng,,3 phòng,"Nhà mặt phố, mặt tiền",Đã có sổ,"Hẻm xe hơi,Nhà nở hậu",,Nội thất cao cấp,"2,25 tỷ"
"Đường Huỳnh Tấn Phát, Xã Phú Xuân, Huyện Nhà Bè, Tp Hồ Chí Minh",7 m,3.2 m,22 m²,22 m²,,"- 67,73 triệu/m²",2 phòng,2,2 phòng,"Nhà ngõ, hẻm",Đã có sổ,Hẻm xe hơi,,,"1,49 tỷ"
"An Dương Vương, Phường An Lạc, Quận Bình Tân, Tp Hồ Chí Minh",14 m,4 m,56 m²,56 m²,220 m²,- 100 triệu/m²,4 phòng,4,3 phòng,"Nhà mặt phố, mặt tiền",Đã có sổ,,,,"5,6 tỷ"
"Đường Thích Quảng Đức, Phường 5, Quận Phú Nhuận, Tp Hồ Chí Minh",13.5 m,5.6 m,76 m²,76 m²,,"- 142,11 triệu/m²",3 phòng,3,3 phòng,"Nhà ngõ, hẻm",Đã có sổ,Hẻm xe hơi,,Hoàn thiện cơ bản,"10,8 tỷ"
"Thạnh Xuân 24, Phường Thạnh Xuân, Quận 12, Tp Hồ Chí Minh",17 m,4 m,66 m²,66 m²,,"- 95,45 triệu/m²",4 phòng,4,3 phòng,"Nhà ngõ, hẻm",Đã có sổ,Hẻm xe hơi,Đông Nam,Nội thất cao cấp,"6,3 tỷ"
"Đường Quang Trung, Phường 12, Quận Gò Vấp, Tp Hồ Chí Minh",,,85 m²,85 m²,,"- 83,53 triệu/m²",3 phòng,,,"Nhà ngõ, hẻm",,,,,"7,1 tỷ"
"Đường Bùi Đình Tuý, Phường 14, Quận Bình Thạnh, Tp Hồ Chí Minh",15 m,3.5 m,45 m²,45 m²,,"- 131,11 triệu/m²",4 phòng,3,4 phòng,"Nhà ngõ, hẻm",Đã có sổ,,,,"5,9 tỷ"
"Đường Quang Trung, Phường 14, Quận Gò Vấp, Tp Hồ Chí Minh",18 m,4 m,72 m²,72 m²,,"- 90,28 triệu/m²",4 phòng,,,"Nhà ngõ, hẻm",Đã có sổ,Hẻm xe hơi,,,"6,5 tỷ"
"Đường An Dương Vương, Phường 16, Quận 8, Tp Hồ Chí Minh",16 m,4 m,52 m²,52 m²,220 m²,"- 105,77 triệu/m²",4 phòng,4,3 phòng,"Nhà ngõ, hẻm",Đã có sổ,,,Hoàn thiện cơ bản,"5,5 tỷ"
"Đường Lê Lợi, Xã Tân Thới Nhì, Huyện Hóc Môn, Tp Hồ Chí Minh",7 m,3.5 m,24 m²,24 m²,24 m²,"- 31,25 triệu/m²",1 phòng,1,1 phòng,"Nhà ngõ, hẻm",Sổ chung / công chứng vi bằng,Hẻm xe hơi,Đông Nam,Hoàn thiện cơ bản,750 triệu
"Đường Đinh Đức Thiện, Xã Bình Chánh, Huyện Bình Chánh, Tp Hồ Chí Minh",31 m,8 m,340 m²,340 m²,250 m²,- 5 triệu/m²,8 phòng,,Nhiều hơn 6 phòng,"Nhà mặt phố, mặt tiền",Đã có sổ,"Hẻm xe hơi,Nhà nở hậu",,Nội thất đầy đủ,"1,7 tỷ"
"Đường Số 7, Phường Linh Trung (Quận Thủ Đức cũ), Thành phố Thủ Đức, Tp Hồ Chí Minh",16 m,5.5 m,88 m²,88 m²,370 m²,"- 111,36 triệu/m²",nhiều hơn 10 phòng,,Nhiều hơn 6 phòng,Nhà phố liền kề,Đã có sổ,Hẻm xe hơi,,,"9,8 tỷ"
"Đường 59, Phường 14, Quận Gò Vấp, Tp Hồ Chí Minh",16 m,4 m,64.8 m²,64.8 m²,64.8 m²,"- 168,21 triệu/m²",4 phòng,3,6 phòng,"Nhà mặt phố, mặt tiền",Đã có sổ,Hẻm xe hơi,Tây,,"10,9 tỷ"
"Đường Nguyễn Hữu Trí, Thị trấn Tân Túc, Huyện Bình Chánh, Tp Hồ Chí Minh",16 m,6 m,95 m²,95 m²,,"- 19,58 triệu/m²",4 phòng,,3 phòng,"Nhà mặt phố, mặt tiền",Đã có sổ,"Hẻm xe hơi,Nhà nở hậu",,Nội thất cao cấp,"1,86 tỷ"
"Đường Nguyễn Văn Bứa, Thị trấn Hóc Môn, Huyện Hóc Môn, Tp Hồ Chí Minh",5 m,2 m,10 m²,10 m²,10 m²,- 32 triệu/m²,1 phòng,,1 phòng,"Nhà ngõ, hẻm",Đã có sổ,Hẻm xe hơi,,Hoàn thiện cơ bản,320 triệu
"Đường Phan Huy Ích, Phường 12, Quận Gò Vấp, Tp Hồ Chí Minh",10 m,4.5 m,45 m²,45 m²,200 m²,"- 124,44 triệu/m²",4 phòng,3,5 phòng,"Nhà ngõ, hẻm",Đã có sổ,Hẻm xe hơi,,Hoàn thiện cơ bản,"5,6 tỷ"
"Đường Ấp Chánh 16, Xã Tân Xuân, Huyện Hóc Môn, Tp Hồ Chí Minh",,5 m,30 m²,30 m²,95 m²,"- 25,33 triệu/m²",2 phòng,,,"Nhà ngõ, hẻm",Đã có sổ,,,,760 triệu
"Bình Phú, Phường 11, Quận 6, Tp Hồ Chí Minh",,,96 m²,96 m²,,"- 135,42 triệu/m²",6 phòng,4,,"Nhà mặt phố, mặt tiền",Đã có sổ,,,Nội thất đầy đủ,13 tỷ
"Đường Nguyễn Văn Bứa, Thị trấn Hóc Môn, Huyện Hóc Môn, Tp Hồ Chí Minh",5 m,2 m,10 m²,10 m²,10 m²,- 30 triệu/m²,2 phòng,2,2 phòng,"Nhà ngõ, hẻm",Đã có sổ,Hẻm xe hơi,,Hoàn thiện cơ bản,300 triệu
"Đường Trung Mỹ Tây 13, Phường Trung Mỹ Tây, Quận 12, Tp Hồ Chí Minh",14 m,8 m,110 m²,110 m²,110 m²,"- 65,45 triệu/m²",4 phòng,,2 phòng,"Nhà ngõ, hẻm",Đã có sổ,"Hẻm xe hơi,Nhà nở hậu",Đông Nam,Hoàn thiện cơ bản,"7,2 tỷ"
"Đường Tôn Đản, Phường 15, Quận 4, Tp Hồ Chí Minh",3 m,4.3 m,12.8 m²,12.8 m²,12.8 m²,"- 101,56 triệu/m²",1 phòng,2,1 phòng,"Nhà ngõ, hẻm",Đã có sổ,,,Hoàn thiện cơ bản,"1,3 tỷ"
"Đường Hoàng Diệu 2, Phường Linh Trung (Quận Thủ Đức cũ), Thành phố Thủ Đức, Tp Hồ Chí Minh",22 m,6 m,130 m²,130 m²,,"- 61,53 triệu/m²",3 phòng,,3 phòng,Nhà phố liền kề,Đã có sổ,"Hẻm xe hơi,Nhà nở hậu",,Nội thất đầy đủ,"7,999 tỷ"
"Đường Phạm Văn Chiêu, Phường 9, Quận Gò Vấp, Tp Hồ Chí Minh",14 m,4 m,50 m²,50 m²,157 m²,"- 149,60 triệu/m²",4 phòng,4,5 phòng,"Nhà ngõ, hẻm",Đã có sổ,Hẻm xe hơi,Tây Bắc,Nội thất cao cấp,"7,48 tỷ"
"Đường Trịnh Như Khuê, Xã Bình Chánh, Huyện Bình Chánh, Tp Hồ Chí Minh",16 m,5 m,80 m²,80 m²,80 m²,"- 9,50 triệu/m²",2 phòng,,1 phòng,"Nhà ngõ, hẻm",Đã có sổ,Hẻm xe hơi,,Nội thất đầy đủ,760 triệu
"Đường Tân Hương, Phường Tân Quý, Quận Tân Phú, Tp Hồ Chí Minh",14 m,7.3 m,102 m²,102 m²,212 m²,"- 90,20 triệu/m²",nhiều hơn 10 phòng,3,Nhiều hơn 6 phòng,"Nhà ngõ, hẻm",Đã có sổ,Hẻm xe hơi,,Nội thất đầy đủ,"9,2 tỷ"
"Đường Huỳnh Tấn Phát, Thị trấn Nhà Bè, Huyện Nhà Bè, Tp Hồ Chí Minh",9 m,3.2 m,31 m²,31 m²,,"- 67,74 triệu/m²",2 phòng,3,3 phòng,"Nhà ngõ, hẻm",Đã có sổ,Hẻm xe hơi,,,"2,1 tỷ"
"Đường Âu Dương Lân, Phường 3, Quận 8, Tp Hồ Chí Minh",,,16 m²,16 m²,62 m²,"- 112,50 triệu/m²",1 phòng,1,1 phòng,"Nhà ngõ, hẻm",Đã có sổ,"Hẻm xe hơi,Nhà nở hậu",,,"1,8 tỷ"
"Đường Nguyễn Bỉnh Khiêm, Phường 5, Quận Bình Thạnh, Tp Hồ Chí Minh",30 m,15 m,417 m²,417 m²,,"- 117,51 triệu/m²",8 phòng,,,"Nhà mặt phố, mặt tiền",Đã có sổ,,,,49 tỷ
"Đường Văn Cao, Phường Phú Thạnh, Quận Tân Phú, Tp Hồ Chí Minh",,,25 m²,25 m²,,- 114 triệu/m²,2 phòng,,2 phòng,"Nhà ngõ, hẻm",Đã có sổ,"Hẻm xe hơi,Nhà nở hậu",,,"2,85 tỷ"
"64, Phường 10, Quận 6, Tp Hồ Chí Minh",12 m,4 m,48 m²,48 m²,,"- 158,33 triệu/m²",4 phòng,,,"Nhà mặt phố, mặt tiền",Đã có sổ,,,,"7,6 tỷ"
"Bình Phú, Phường 10, Quận 6, Tp Hồ Chí Minh",,,40 m²,40 m²,,- 175 triệu/m²,6 phòng,4,,"Nhà mặt phố, mặt tiền",Đã có sổ,,,Nội thất đầy đủ,7 tỷ
"Đường Nguyễn Thị Trọn, Xã Vĩnh Lộc A, Huyện Bình Chánh, Tp Hồ Chí Minh",10 m,4 m,40 m²,40 m²,60 m²,"- 26,25 triệu/m²",1 phòng,,1 phòng,"Nhà ngõ, hẻm",Sổ chung / công chứng vi bằng,Hẻm xe hơi,,Hoàn thiện cơ bản,"1,05 tỷ"
"Đường Lê Lợi, Xã Tân Thới Nhì, Huyện Hóc Môn, Tp Hồ Chí Minh",16 m,4 m,64 m²,64 m²,64 m²,"- 41,41 triệu/m²",2 phòng,1,2 phòng,"Nhà ngõ, hẻm",Đã có sổ,Hẻm xe hơi,Tây Nam,Hoàn thiện cơ bản,"2,65 tỷ"
"Bình Phú, Phường 11, Quận 6, Tp Hồ Chí Minh",,,72 m²,72 m²,,"- 166,67 triệu/m²",6 phòng,5,,"Nhà mặt phố, mặt tiền",Đã có sổ,,,,12 tỷ
"Đường Số 5, Phường Bình Hưng Hòa, Quận Bình Tân, Tp Hồ Chí Minh",16 m,4 m,64 m²,64 m²,210 m²,"- 90,62 triệu/m²",4 phòng,,,"Nhà ngõ, hẻm",Đã có sổ,,,,"5,8 tỷ"
"Đường An Dương Vương, Phường An Lạc, Quận Bình Tân, Tp Hồ Chí Minh",16 m,4 m,64 m²,64 m²,110 m²,"- 85,94 triệu/m²",2 phòng,2,3 phòng,"Nhà ngõ, hẻm",Đã có sổ,,Đông Bắc,,"5,5 tỷ"
"Đường Cư xá Phú Lâm D, Phường 10, Quận 6, Tp Hồ Chí Minh",20 m,3.6 m,71 m²,71 m²,,"- 98,45 triệu/m²",2 phòng,,,"Nhà ngõ, hẻm",Đã có sổ,,,,"6,99 tỷ"
"45, Phường 10, Quận 6, Tp Hồ Chí Minh",10 m,3 m,30 m²,30 m²,,"- 183,33 triệu/m²",4 phòng,,,"Nhà mặt phố, mặt tiền",Đã có sổ,,,,"5,5 tỷ"
"An Dương Vương, Phường 16, Quận 8, Tp Hồ Chí Minh",16 m,4 m,64 m²,64 m²,,"- 101,41 triệu/m²",7 phòng,,Nhiều hơn 6 phòng,"Nhà ngõ, hẻm",Đã có sổ,,,,"6,49 tỷ"
"Đường Lê Văn Lương, Xã Nhơn Đức, Huyện Nhà Bè, Tp Hồ Chí Minh",13 m,6.4 m,80 m²,80 m²,140 m²,"- 52,50 triệu/m²",4 phòng,2,4 phòng,Nhà phố liền kề,Đã có sổ,Hẻm xe hơi,Bắc,Hoàn thiện cơ bản,"4,2 tỷ"
"Văn Thân, Phường 8, Quận 6, Tp Hồ Chí Minh",27 m,5.8 m,150 m²,150 m²,,"- 136,67 triệu/m²",1 phòng,,,"Nhà mặt phố, mặt tiền",Đã có sổ,,,,"20,5 tỷ"
"86, Đường Trường Chinh, Phường 12, Quận Tân Bình, Tp Hồ Chí Minh",16 m,4.3 m,63 m²,63 m²,174 m²,"- 134,92 triệu/m²",4 phòng,3,3 phòng,"Nhà ngõ, hẻm",Đã có sổ,Hẻm xe hơi,Đông,,"8,5 tỷ"
"Cư Xá Phú Lâm B, Phường 13, Quận 6, Tp Hồ Chí Minh",18 m,4 m,68 m²,68 m²,,"- 123,53 triệu/m²",4 phòng,,,"Nhà mặt phố, mặt tiền",Đã có sổ,,,,"8,4 tỷ"
"Đường Bình Thới, Phường 10, Quận 11, Tp Hồ Chí Minh",16 m,4 m,60 m²,60 m²,,- 120 triệu/m²,3 phòng,,2 phòng,"Nhà ngõ, hẻm",Đã có sổ,Hẻm xe hơi,,,"7,2 tỷ"
"Đường Cư xá Phú Lâm D, Phường 10, Quận 6, Tp Hồ Chí Minh",19 m,4 m,76 m²,76 m²,,"- 110,53 triệu/m²",2 phòng,,,"Nhà mặt phố, mặt tiền",Đã có sổ,,,,"8,4 tỷ"
"74, Phường 10, Quận 6, Tp Hồ Chí Minh",15 m,4 m,60 m²,60 m²,,"- 138,33 triệu/m²",5 phòng,,,"Nhà mặt phố, mặt tiền",Đã có sổ,,,,"8,3 tỷ"
"Đường Huỳnh Tấn Phát, Thị trấn Nhà Bè, Huyện Nhà Bè, Tp Hồ Chí Minh",9 m,3 m,27 m²,27 m²,,"- 73,70 triệu/m²",4 phòng,3,3 phòng,"Nhà ngõ, hẻm",Đã có sổ,,,,"1,99 tỷ"
"Đường Lê Thị Hoa, Phường Bình Chiểu (Quận Thủ Đức cũ), Thành phố Thủ Đức, Tp Hồ Chí Minh",13 m,3 m,35 m²,35 m²,50 m²,"- 58,57 triệu/m²",1 phòng,2,1 phòng,"Nhà ngõ, hẻm",Đã có sổ,Nhà nở hậu,Tây Bắc,,"2,05 tỷ"
"Đường Hàn Hải Nguyên, Phường 9, Quận 11, Tp Hồ Chí Minh",,,28 m²,28 m²,,"- 141,07 triệu/m²",2 phòng,,,"Nhà ngõ, hẻm",Đã có sổ,Hẻm xe hơi,,,"3,95 tỷ"
Đường Hương Lộ 2,20 m,4 m,80.9 m²,80.9 m²,80.9 m²,"- 64,28 triệu/m²",3 phòng,2,,Nhà phố liền kề,Đã có sổ,Hẻm xe hơi,Đông,,"5,2 tỷ"
"Đường Lê Văn Khương, Phường Hiệp Thành, Quận 12, Tp Hồ Chí Minh",17 m,3.2 m,55 m²,55 m²,97.2 m²,"- 65,27 triệu/m²",2 phòng,,,"Nhà ngõ, hẻm",Đã có sổ,"Hẻm xe hơi,Nhà nở hậu",,Nội thất cao cấp,"3,59 tỷ"
"Đường Bưng Ông Thoàn, Phường Phú Hữu (Quận 9 cũ), Thành phố Thủ Đức, Tp Hồ Chí Minh",15 m,6 m,90 m²,90 m²,360 m²,"- 98,89 triệu/m²",6 phòng,4,5 phòng,"Nhà mặt phố, mặt tiền",Đã có sổ,,,Nội thất cao cấp,"8,9 tỷ"
"Đường Trường Chinh, Phường 12, Quận Tân Bình, Tp Hồ Chí Minh",16 m,4.3 m,67 m²,67 m²,173 m²,"- 126,12 triệu/m²",4 phòng,,3 phòng,"Nhà ngõ, hẻm",Đã có sổ,"Hẻm xe hơi,Nhà nở hậu",,Nội thất đầy đủ,"8,45 tỷ"
"Đường Tân Kỳ Tân Quý, Phường Sơn Kỳ, Quận Tân Phú, Tp Hồ Chí Minh",17 m,4 m,68 m²,68 m²,,"- 73,53 triệu/m²",2 phòng,2,2 phòng,"Nhà ngõ, hẻm",Đã có sổ,Hẻm xe hơi,,,5 tỷ
"Đường Lâm Thị Hố, Phường Tân Chánh Hiệp, Quận 12, Tp Hồ Chí Minh",,,130 m²,130 m²,,- 60 triệu/m²,1 phòng,,,"Nhà mặt phố, mặt tiền",Đã có sổ,,,,"7,8 tỷ"
"Đường Nhất Chi Mai, Phường 13, Quận Tân Bình, Tp Hồ Chí Minh",,4 m,47 m²,47 m²,250 m²,"- 238,30 triệu/m²",6 phòng,6,,"Nhà mặt phố, mặt tiền",Đã có sổ,Nhà nở hậu,,,"11,2 tỷ"
"Đường Trần Thị Bốc, Xã Thới Tam Thôn, Huyện Hóc Môn, Tp Hồ Chí Minh",10 m,4 m,40 m²,40 m²,80 m²,"- 41,25 triệu/m²",2 phòng,1,2 phòng,"Nhà ngõ, hẻm",Sổ chung / công chứng vi bằng,Hẻm xe hơi,Nam,Nội thất cao cấp,"1,65 tỷ"
"Đường Số 3J, Phường Tân Thuận Tây, Quận 7, Tp Hồ Chí Minh",21 m,4 m,81 m²,81 m²,127 m²,"- 162,96 triệu/m²",2 phòng,2,3 phòng,"Nhà mặt phố, mặt tiền",Đã có sổ,,Nam,Nội thất đầy đủ,"13,2 tỷ"
"Đường Lê Văn Lương, Xã Phước Kiển, Huyện Nhà Bè, Tp Hồ Chí Minh",6 m,4 m,25 m²,25 m²,50 m²,"- 43,60 triệu/m²",3 phòng,2,2 phòng,"Nhà ngõ, hẻm",Đã có sổ,,,Nội thất đầy đủ,"1,09 tỷ"
"Đường Chu Văn An, Phường 12, Quận Bình Thạnh, Tp Hồ Chí Minh",18 m,4 m,72 m²,72 m²,,"- 177,78 triệu/m²",6 phòng,5,5 phòng,"Nhà ngõ, hẻm",Đã có sổ,"Hẻm xe hơi,Nhà nở hậu",Tây Nam,Nội thất đầy đủ,"12,8 tỷ"
"Gần Lê Thị Ngay, Nguyễn Thị Trọn , Kênh TW, Xã Vĩnh Lộc A, Huyện Bình Chánh, Tp Hồ Chí Minh",15 m,4 m,60 m²,60 m²,120 m²,"- 17,50 triệu/m²",2 phòng,,2 phòng,"Nhà ngõ, hẻm",Sổ chung / công chứng vi bằng,Hẻm xe hơi,,Hoàn thiện cơ bản,"1,05 tỷ"
"1, Đường Bình Giã, Phường 13, Quận Tân Bình, Tp Hồ Chí Minh",22 m,4.2 m,81 m²,81 m²,,"- 102,47 triệu/m²",2 phòng,,,"Nhà ngõ, hẻm",Đã có sổ,"Hẻm xe hơi,Nhà nở hậu",,,"8,3 tỷ"
"Đường Lê Lợi, Xã Tân Thới Nhì, Huyện Hóc Môn, Tp Hồ Chí Minh",8 m,14 m,112 m²,112 m²,112 m²,"- 43,75 triệu/m²",6 phòng,2,5 phòng,"Nhà ngõ, hẻm",Đã có sổ,Hẻm xe hơi,Tây Bắc,Nội thất cao cấp,"4,9 tỷ"
"Đường Phan Văn Trị, Phường 10, Quận Gò Vấp, Tp Hồ Chí Minh",12 m,4 m,45 m²,45 m²,,"- 154,44 triệu/m²",3 phòng,3,4 phòng,Nhà phố liền kề,Đã có sổ,Hẻm xe hơi,Đông Bắc,Nội thất cao cấp,"6,95 tỷ"
"Đường Huỳnh Tấn Phát, Xã Phú Xuân, Huyện Nhà Bè, Tp Hồ Chí Minh",10 m,3 m,30 m²,30 m²,,- 75 triệu/m²,4 phòng,3,3 phòng,"Nhà ngõ, hẻm",Đã có sổ,Hẻm xe hơi,,Nội thất đầy đủ,"2,25 tỷ"
"Đường Số 8B, Phường Bình Hưng Hoà A, Quận Bình Tân, Tp Hồ Chí Minh",10 m,4 m,40 m²,40 m²,79 m²,"- 82,50 triệu/m²",3 phòng,2,2 phòng,"Nhà mặt phố, mặt tiền",Đã có sổ,Hẻm xe hơi,,Hoàn thiện cơ bản,"3,3 tỷ"
"Ấp 2, Đường Liên Ấp 6-2, Xã Vĩnh Lộc A, Huyện Bình Chánh, Tp Hồ Chí Minh",12 m,4 m,48 m²,48 m²,96 m²,"- 38,96 triệu/m²",2 phòng,2,2 phòng,"Nhà mặt phố, mặt tiền",Sổ chung / công chứng vi bằng,"Hẻm xe hơi,Nhà nở hậu",Tây,Nội thất cao cấp,"1,87 tỷ"
"Đường Quang Trung, Phường 8, Quận Gò Vấp, Tp Hồ Chí Minh",12.5 m,4 m,50 m²,50 m²,155 m²,- 138 triệu/m²,5 phòng,3,5 phòng,"Nhà ngõ, hẻm",Đã có sổ,Hẻm xe hơi,,Nội thất cao cấp,"6,9 tỷ"
"Đường Huỳnh Thị Mài, Xã Tân Hiệp, Huyện Hóc Môn, Tp Hồ Chí Minh",31 m,11 m,340 m²,340 m²,340 m²,"- 13,24 triệu/m²",3 phòng,1,1 phòng,"Nhà ngõ, hẻm",Đã có sổ,,,,"4,5 tỷ"
"Đường Huỳnh Văn Trí, Xã Bình Chánh, Huyện Bình Chánh, Tp Hồ Chí Minh",,,80 m²,80 m²,,- 15 triệu/m²,2 phòng,2,2 phòng,"Nhà ngõ, hẻm",Đã có sổ,Hẻm xe hơi,,Hoàn thiện cơ bản,"1,2 tỷ"
"Đường 13A, Phường Bình Hưng Hoà A, Quận Bình Tân, Tp Hồ Chí Minh",6.5 m,4 m,26 m²,,52 m²,"- 103,46 triệu/m²",2 phòng,,2 phòng,"Nhà ngõ, hẻm",Đã có sổ,,,,"2,69 tỷ"
"Đường Số 4, Phường Bình Hưng Hoà B, Quận Bình Tân, Tp Hồ Chí Minh",15 m,4 m,60 m²,60 m²,,"- 63,33 triệu/m²",2 phòng,2,2 phòng,"Nhà ngõ, hẻm",Đã có sổ,Hẻm xe hơi,Đông Bắc,Nội thất đầy đủ,"3,8 tỷ"
"Lê Văn Qươi, Phường Bình Trị Đông A, Quận Bình Tân, Tp Hồ Chí Minh",9.5 m,4 m,38 m²,38 m²,76 m²,"- 52,63 triệu/m²",3 phòng,2,3 phòng,"Nhà ngõ, hẻm",Đã có sổ,"Hẻm xe hơi,Nhà nở hậu",,Nội thất đầy đủ,2 tỷ
"Đường Phan Văn Hớn, Xã Bà Điểm, Huyện Hóc Môn, Tp Hồ Chí Minh",4 m,4 m,20 m²,20 m²,60 m²,- 26 triệu/m²,2 phòng,1,2 phòng,"Nhà ngõ, hẻm",Đã có sổ,Hẻm xe hơi,,Nội thất đầy đủ,520 triệu
"Đường Nguyễn Trọng Tuyển, Phường 2, Quận Tân Bình, Tp Hồ Chí Minh",,,50 m²,50 m²,,- 108 triệu/m²,3 phòng,,,"Nhà ngõ, hẻm",Đã có sổ,Hẻm xe hơi,,,"5,4 tỷ"
"152, Đường Lạc Long Quân, Phường 3, Quận 11, Tp Hồ Chí Minh",7 m,4 m,24 m²,24 m²,78 m²,"- 245,83 triệu/m²",2 phòng,5,3 phòng,"Nhà mặt phố, mặt tiền",Đã có sổ,Hẻm xe hơi,Nam,,"5,9 tỷ"
"Trần Hữu Trang, Phường 10, Quận Phú Nhuận, Tp Hồ Chí Minh",,4 m,48 m²,,,"- 58,33 triệu/m²",4 phòng,2,4 phòng,"Nhà ngõ, hẻm",Đã có sổ,,,Nội thất đầy đủ,"2,8 tỷ"
"Đường Thạnh Xuân 25, Phường Thạnh Xuân, Quận 12, Tp Hồ Chí Minh",31 m,5 m,155 m²,155 m²,156 m²,"- 70,97 triệu/m²",2 phòng,1,1 phòng,"Nhà mặt phố, mặt tiền",Đã có sổ,Hẻm xe hơi,Đông Nam,Nội thất cao cấp,11 tỷ
"Đường Trần Đại Nghĩa, Xã Tân Kiên, Huyện Bình Chánh, Tp Hồ Chí Minh",,,84 m²,84 m²,,"- 8,69 triệu/m²",2 phòng,,1 phòng,"Nhà ngõ, hẻm",Đã có sổ,Hẻm xe hơi,,,730 triệu
"Đường Tây Thạnh, Phường Tây Thạnh, Quận Tân Phú, Tp Hồ Chí Minh",25 m,4 m,100 m²,100 m²,100 m²,- 139 triệu/m²,1 phòng,,,"Nhà mặt phố, mặt tiền",Đã có sổ,,,,"13,9 tỷ"
"Đường Đào Tông Nguyên, Xã Phú Xuân, Huyện Nhà Bè, Tp Hồ Chí Minh",8 m,4 m,32 m²,32 m²,,"- 61,88 triệu/m²",2 phòng,2,2 phòng,"Nhà ngõ, hẻm",Đã có sổ,Hẻm xe hơi,,,"1,98 tỷ"
Đường Bình Thới,16 m,4 m,54 m²,54 m²,186 m²,"- 137,04 triệu/m²",5 phòng,4,4 phòng,"Nhà ngõ, hẻm",Đã có sổ,"Hẻm xe hơi,Nhà nở hậu",Tây Bắc,Nội thất cao cấp,"7,4 tỷ"
"Đường Tân Chánh Hiệp 35, Phường Tân Chánh Hiệp, Quận 12, Tp Hồ Chí Minh",5.5 m,5 m,27.5 m²,27.5 m²,55 m²,"- 67,27 triệu/m²",2 phòng,1,2 phòng,"Nhà ngõ, hẻm",Đã có sổ,,Đông Nam,,"1,85 tỷ"
"Lạc Long Quân, Phường 5, Quận 11, Tp Hồ Chí Minh",,,80 m²,80 m²,,"- 156,25 triệu/m²",4 phòng,,,"Nhà ngõ, hẻm",,"Hẻm xe hơi,Nhà nở hậu",,,"12,5 tỷ"
"Đường Vườn Lài, Phường An Phú Đông, Quận 12, Tp Hồ Chí Minh",11 m,4 m,46 m²,46 m²,,"- 53,48 triệu/m²",3 phòng,,2 phòng,"Nhà ngõ, hẻm",Đã có sổ,,,,"2,46 tỷ"
"Hoa Lan, Phường 2, Quận Phú Nhuận, Tp Hồ Chí Minh",16 m,4 m,64 m²,64 m²,64 m²,"- 51,41 triệu/m²",4 phòng,2,4 phòng,Nhà phố liền kề,Đã có sổ,,,Nội thất đầy đủ,"3,29 tỷ"
"Đường Vành Đai Trong, Phường Bình Trị Đông B, Quận Bình Tân, Tp Hồ Chí Minh",20 m,6 m,120 m²,120 m²,,"- 258,33 triệu/m²",5 phòng,3,5 phòng,"Nhà mặt phố, mặt tiền",Đã có sổ,,Tây Nam,Nội thất đầy đủ,31 tỷ
"Đường Nguyễn Oanh, Phường 17, Quận Gò Vấp, Tp Hồ Chí Minh",18 m,8 m,140 m²,140 m²,,"- 128,57 triệu/m²",1 phòng,,,"Nhà ngõ, hẻm",Đã có sổ,Hẻm xe hơi,,,18 tỷ
"Đường Lý Chính Thắng, Phường Võ Thị Sáu, Quận 3, Tp Hồ Chí Minh",,,20 m²,20 m²,,"- 154,50 triệu/m²",4 phòng,,5 phòng,Nhà phố liền kề,Đã có sổ,,,,"3,09 tỷ"
"Đường Quang Trung, Thị trấn Hóc Môn, Huyện Hóc Môn, Tp Hồ Chí Minh",12 m,4 m,48 m²,48 m²,48 m²,"- 53,12 triệu/m²",2 phòng,1,1 phòng,"Nhà ngõ, hẻm",Đã có sổ,Hẻm xe hơi,Tây Nam,Hoàn thiện cơ bản,"2,55 tỷ"
"Đường Tô Hiệu, Phường Tân Thới Hòa, Quận Tân Phú, Tp Hồ Chí Minh",20 m,4 m,80 m²,80 m²,270 m²,"- 111,25 triệu/m²",4 phòng,4,5 phòng,"Nhà ngõ, hẻm",Đã có sổ,"Hẻm xe hơi,Nhà nở hậu",,,"8,9 tỷ"
"Đường Huỳnh Tấn Phát, Xã Phú Xuân, Huyện Nhà Bè, Tp Hồ Chí Minh",12 m,4 m,48 m²,48 m²,,"- 66,67 triệu/m²",4 phòng,,3 phòng,Nhà phố liền kề,Đã có sổ,Hẻm xe hơi,,Nội thất đầy đủ,"3,2 tỷ"
"Đường Huỳnh Tấn Phát, Phường Tân Thuận Đông, Quận 7, Tp Hồ Chí Minh",16 m,4.1 m,69 m²,69 m²,130 m²,"- 68,12 triệu/m²",5 phòng,2,5 phòng,"Nhà ngõ, hẻm",Đã có sổ,,Đông Bắc,Nội thất đầy đủ,"4,7 tỷ"
"66, Đường Đỗ Thừa Luông, Phường Tân Quý, Quận Tân Phú, Tp Hồ Chí Minh",13 m,4.2 m,54.6 m²,54.6 m²,45 m²,"- 126,37 triệu/m²",4 phòng,1,4 phòng,"Nhà mặt phố, mặt tiền",Đã có sổ,Nhà nát,Đông Nam,Hoàn thiện cơ bản,"6,9 tỷ"
"Đường Bùi Quang Là, Phường 12, Quận Gò Vấp, Tp Hồ Chí Minh",16 m,4 m,64 m²,64 m²,,"- 79,69 triệu/m²",3 phòng,3,2 phòng,"Nhà ngõ, hẻm",Đã có sổ,,,Hoàn thiện cơ bản,"5,1 tỷ"
"Đường Tân Hòa Đông, Phường 14, Quận 6, Tp Hồ Chí Minh",11 m,3 m,33 m²,33 m²,,"- 93,94 triệu/m²",1 phòng,1,1 phòng,"Nhà ngõ, hẻm",Đã có sổ,,,,"3,1 tỷ"
"Hẻm 2640 Huỳnh Tấn Phát, Đường Huỳnh Tấn Phát, Xã Phú Xuân, Huyện Nhà Bè, Tp Hồ Chí Minh",8 m,3 m,24 m²,24 m²,27 m²,"- 35,42 triệu/m²",2 phòng,1,1 phòng,"Nhà ngõ, hẻm",Sổ chung / công chứng vi bằng,Nhà nở hậu,,Nội thất đầy đủ,850 triệu
"Hẻm 2640 Huỳnh Tấn Phát, Đường Huỳnh Tấn Phát, Xã Phú Xuân, Huyện Nhà Bè, Tp Hồ Chí Minh",8 m,3 m,24 m²,24 m²,27 m²,"- 35,42 triệu/m²",2 phòng,1,1 phòng,"Nhà ngõ, hẻm",Sổ chung / công chứng vi bằng,Nhà nở hậu,,Nội thất đầy đủ,850 triệu
"1xx, Đường Nguyễn Thị Lắng, Xã Tân Phú Trung, Huyện Củ Chi, Tp Hồ Chí Minh",37 m,7 m,268 m²,268 m²,56 m²,"- 23,88 triệu/m²",1 phòng,,1 phòng,"Nhà mặt phố, mặt tiền",Đã có sổ,Hiện trạng khác,,,"6,4 tỷ"
"Đường Nguyễn Văn Bứa, Xã Xuân Thới Sơn, Huyện Hóc Môn, Tp Hồ Chí Minh",5 m,4 m,20 m²,20 m²,20 m²,"- 22,25 triệu/m²",3 phòng,1,2 phòng,"Nhà ngõ, hẻm",Đã có sổ,"Hẻm xe hơi,Nhà nở hậu",,Nội thất cao cấp,445 triệu
"Đường Huỳnh Tấn Phát, Thị trấn Nhà Bè, Huyện Nhà Bè, Tp Hồ Chí Minh",13 m,5.2 m,60 m²,60 m²,,"- 71,67 triệu/m²",3 phòng,3,4 phòng,"Nhà ngõ, hẻm",Đã có sổ,"Hẻm xe hơi,Nhà nở hậu",,Nội thất cao cấp,"4,3 tỷ"
"Đường Lạc Long Quân, Phường 3, Quận 11, Tp Hồ Chí Minh",10 m,3 m,30 m²,30 m²,,"- 93,33 triệu/m²",2 phòng,2,2 phòng,"Nhà ngõ, hẻm",Đã có sổ,Hẻm xe hơi,Nam,,"2,8 tỷ"
"Đường Sư Vạn Hạnh, Phường 10, Quận 10, Tp Hồ Chí Minh",,,38 m²,38 m²,,"- 126,32 triệu/m²",2 phòng,,,"Nhà ngõ, hẻm",Đã có sổ,,,,"4,8 tỷ"
"Đường Kinh Dương Vương, Phường An Lạc, Quận Bình Tân, Tp Hồ Chí Minh",,,70 m²,70 m²,,"- 48,43 triệu/m²",3 phòng,,3 phòng,"Nhà ngõ, hẻm",Đã có sổ,Hẻm xe hơi,,,"3,39 tỷ"
"Đường 26 Tháng 3, Phường Bình Hưng Hòa, Quận Bình Tân, Tp Hồ Chí Minh",13 m,5.5 m,68 m²,68 m²,,"- 95,44 triệu/m²",5 phòng,5,6 phòng,"Nhà ngõ, hẻm",Đã có sổ,"Hẻm xe hơi,Nhà nở hậu",,Nội thất cao cấp,"6,49 tỷ"
"Đường Xuân Thới Thượng, Xã Xuân Thới Thượng, Huyện Hóc Môn, Tp Hồ Chí Minh",23 m,5 m,108.9 m²,108.9 m²,108.9 m²,"- 36,73 triệu/m²",6 phòng,1,6 phòng,"Nhà ngõ, hẻm",Đã có sổ,Hẻm xe hơi,Đông,Hoàn thiện cơ bản,4 tỷ
"Đường Dương Thị Giang, Phường Tân Thới Nhất, Quận 12, Tp Hồ Chí Minh",16 m,5 m,80 m²,80 m²,173 m²,- 110 triệu/m²,4 phòng,3,3 phòng,"Nhà ngõ, hẻm",Đã có sổ,Hẻm xe hơi,Đông Nam,Nội thất đầy đủ,"8,8 tỷ"
"Đường Tỉnh lộ 7, Xã Phước Thạnh, Huyện Củ Chi, Tp Hồ Chí Minh",20 m,5 m,100 m²,100 m²,150 m²,"- 6,60 triệu/m²",2 phòng,,2 phòng,"Nhà ngõ, hẻm",Đã có sổ,Hẻm xe hơi,,Bàn giao thô,660 triệu
"Đường Phạm Văn Bạch, Phường 12, Quận Gò Vấp, Tp Hồ Chí Minh",34 m,4.6 m,150 m²,150 m²,289 m²,- 120 triệu/m²,5 phòng,3,5 phòng,"Nhà mặt phố, mặt tiền",Đã có sổ,,,Nội thất cao cấp,18 tỷ
"Đường Huỳnh Tấn Phát, Xã Phú Xuân, Huyện Nhà Bè, Tp Hồ Chí Minh",12 m,3 m,36 m²,36 m²,,"- 80,28 triệu/m²",4 phòng,3,3 phòng,"Nhà mặt phố, mặt tiền",Đã có sổ,Hẻm xe hơi,,,"2,89 tỷ"
"Đường Xô Viết Nghệ Tĩnh, Phường 25, Quận Bình Thạnh, Tp Hồ Chí Minh",31 m,5 m,155 m²,155 m²,156 m²,"- 132,26 triệu/m²",2 phòng,2,2 phòng,"Nhà ngõ, hẻm",Đã có sổ,"Hẻm xe hơi,Nhà nở hậu",,,"20,5 tỷ"
"Đường Đặng Công Bỉnh, Xã Xuân Thới Sơn, Huyện Hóc Môn, Tp Hồ Chí Minh",12 m,4 m,48 m²,48 m²,48 m²,"- 6,25 triệu/m²",2 phòng,,2 phòng,"Nhà ngõ, hẻm",Đã có sổ,"Hẻm xe hơi,Nhà nở hậu",,Nội thất đầy đủ,300 triệu
"Đường Trần Thị Trọng, Phường 15, Quận Tân Bình, Tp Hồ Chí Minh",14 m,4 m,56 m²,56 m²,56 m²,"- 76,79 triệu/m²",2 phòng,2,1 phòng,"Nhà ngõ, hẻm",Đã có sổ,,,Nội thất đầy đủ,"4,3 tỷ"
"Đường Hậu Giang, Phường 12, Quận 6, Tp Hồ Chí Minh",12.3 m,1.75 m,22.6 m²,22.6 m²,52 m²,"- 181,42 triệu/m²",2 phòng,2,2 phòng,"Nhà mặt phố, mặt tiền",Đã có sổ,Nhà nở hậu,Đông Nam,,"4,1 tỷ"
"Đường Nguyễn Thị Thảnh, Xã Thới Tam Thôn, Huyện Hóc Môn, Tp Hồ Chí Minh",14 m,4 m,56 m²,56 m²,90 m²,"- 31,79 triệu/m²",3 phòng,1,2 phòng,"Nhà mặt phố, mặt tiền",Sổ chung / công chứng vi bằng,"Hẻm xe hơi,Hiện trạng khác",,Nội thất đầy đủ,"1,78 tỷ"
"Đường Trường Chinh, Phường Tân Thới Nhất, Quận 12, Tp Hồ Chí Minh",7 m,3.2 m,23 m²,23 m²,,"- 58,70 triệu/m²",2 phòng,,,"Nhà ngõ, hẻm",Đã có sổ,,,,"1,35 tỷ"
"Đường Đào Tông Nguyên, Xã Phú Xuân, Huyện Nhà Bè, Tp Hồ Chí Minh",6 m,4 m,24 m²,24 m²,,"- 68,75 triệu/m²",2 phòng,2,2 phòng,"Nhà ngõ, hẻm",Đã có sổ,,,,"1,65 tỷ"
"Đường Tân Chánh Hiệp 34, Phường Tân Chánh Hiệp, Quận 12, Tp Hồ Chí Minh",10 m,3.4 m,43 m²,43 m²,43 m²,"- 61,63 triệu/m²",2 phòng,2,2 phòng,"Nhà mặt phố, mặt tiền",Đã có sổ,,Đông Nam,,"2,65 tỷ"
"Đường Xô Viết Nghệ Tĩnh, Phường 24, Quận Bình Thạnh, Tp Hồ Chí Minh",20 m,3.4 m,54 m²,,,"- 194,44 triệu/m²",4 phòng,4,4 phòng,"Nhà mặt phố, mặt tiền",Đã có sổ,,,,"10,5 tỷ"
"36&NTT, Phường Tân Quy, Quận 7, Tp Hồ Chí Minh",,,84 m²,84 m²,,"- 202,26 triệu/m²",4 phòng,,,"Nhà mặt phố, mặt tiền",Đã có sổ,,,,"16,99 tỷ"
"Đường Hoàng Hoa Thám, Phường 5, Quận Phú Nhuận, Tp Hồ Chí Minh",,4 m,75 m²,,,- 136 triệu/m²,4 phòng,4,6 phòng,"Nhà ngõ, hẻm",Đã có sổ,,,Nội thất đầy đủ,"10,2 tỷ"
"Hồng Bàng, Phường 1, Quận 11, Tp Hồ Chí Minh",16.5 m,4 m,62 m²,62 m²,62 m²,- 100 triệu/m²,1 phòng,1,1 phòng,"Nhà ngõ, hẻm",Đã có sổ,Hẻm xe hơi,Đông Nam,,"6,2 tỷ"
"45/59, Tân Chánh Hiệp 25., Phường Tân Chánh Hiệp, Quận 12, Tp Hồ Chí Minh",5 m,11 m,45 m²,45 m²,179 m²,"- 115,56 triệu/m²",4 phòng,4,4 phòng,Nhà phố liền kề,Đã có sổ,"Hẻm xe hơi,Nhà nở hậu",Đông Bắc,Nội thất cao cấp,"5,2 tỷ"
"Đường Tỉnh lộ 8, Xã Tân An Hội, Huyện Củ Chi, Tp Hồ Chí Minh",19 m,5 m,96 m²,96 m²,,"- 12,50 triệu/m²",2 phòng,1,1 phòng,"Nhà mặt phố, mặt tiền",Đã có sổ,,,,"1,2 tỷ"
"161D/106, Đường Lạc Long Quân, Phường 3, Quận 11, Tp Hồ Chí Minh",10 m,4 m,40 m²,40 m²,80 m²,- 117 triệu/m²,3 phòng,2,2 phòng,"Nhà ngõ, hẻm",Đã có sổ,,Tây Nam,,"4,68 tỷ"
"Tôn Đản, Phường 4, Quận 4, Tp Hồ Chí Minh",,,50 m²,50 m²,,- 78 triệu/m²,2 phòng,,,"Nhà ngõ, hẻm",,,,,"3,9 tỷ"
"Đường Lâm Thị Hố, Phường Tân Chánh Hiệp, Quận 12, Tp Hồ Chí Minh",18 m,8 m,138 m²,138 m²,138 m²,"- 56,52 triệu/m²",1 phòng,1,1 phòng,"Nhà mặt phố, mặt tiền",Đã có sổ,Hẻm xe hơi,Nam,Nội thất đầy đủ,"7,8 tỷ"
"Đường An Hạ, Xã Phạm Văn Hai, Huyện Bình Chánh, Tp Hồ Chí Minh",8 m,4 m,10 m²,10 m²,64 m²,"- 22,50 triệu/m²",2 phòng,2,2 phòng,"Nhà mặt phố, mặt tiền",Đã có sổ,"Hẻm xe hơi,Nhà nở hậu",,Nội thất đầy đủ,225 triệu
"Đường Dương Quảng Hàm, Phường 5, Quận Gò Vấp, Tp Hồ Chí Minh",,,70 m²,70 m²,,"- 81,43 triệu/m²",2 phòng,,,"Nhà ngõ, hẻm",Đã có sổ,Hẻm xe hơi,,,"5,7 tỷ"
"Đường Vườn Lài, Phường Phú Thọ Hòa, Quận Tân Phú, Tp Hồ Chí Minh",10.6 m,4 m,42 m²,42 m²,96 m²,"- 104,76 triệu/m²",2 phòng,6,2 phòng,"Nhà ngõ, hẻm",Đang chờ sổ,,,,"4,4 tỷ"
"Dương Quảng Hàm, Phường 5, Quận Gò Vấp, Tp Hồ Chí Minh",13.5 m,4 m,53 m²,53 m²,,"- 141,51 triệu/m²",4 phòng,,,"Nhà ngõ, hẻm",Đã có sổ,Hẻm xe hơi,,,"7,5 tỷ"
"Đường Huỳnh Tấn Phát, Xã Phú Xuân, Huyện Nhà Bè, Tp Hồ Chí Minh",7 m,3.2 m,22.4 m²,22.4 m²,,- 75 triệu/m²,2 phòng,2,2 phòng,"Nhà ngõ, hẻm",Đã có sổ,,,Hoàn thiện cơ bản,"1,68 tỷ"
"Đường Liên Ấp 1-2-3, Xã Vĩnh Lộc B, Huyện Bình Chánh, Tp Hồ Chí Minh",9.2 m,4 m,36.8 m²,36.8 m²,62.2 m²,"- 74,73 triệu/m²",2 phòng,1,2 phòng,"Nhà ngõ, hẻm",Đã có sổ,Hẻm xe hơi,Tây,Hoàn thiện cơ bản,"2,75 tỷ"
"Đường Dương Quảng Hàm, Phường 5, Quận Gò Vấp, Tp Hồ Chí Minh",16 m,4 m,65 m²,65 m²,,"- 161,54 triệu/m²",4 phòng,,,"Nhà ngõ, hẻm",Đã có sổ,Hẻm xe hơi,,,"10,5 tỷ"
"Mã Lò, Phường Bình Trị Đông, Quận Bình Tân, Tp Hồ Chí Minh",10 m,4 m,40 m²,40 m²,40 m²,"- 98,25 triệu/m²",2 phòng,2,2 phòng,"Nhà ngõ, hẻm",Đã có sổ,"Hẻm xe hơi,Nhà nở hậu",,Hoàn thiện cơ bản,"3,93 tỷ"
"Đường Hồng Bàng, Phường 1, Quận 11, Tp Hồ Chí Minh",16 m,4 m,62 m²,62 m²,,- 100 triệu/m²,4 phòng,,4 phòng,"Nhà ngõ, hẻm",Đã có sổ,"Hẻm xe hơi,Nhà nở hậu",Đông Nam,Nội thất cao cấp,"6,2 tỷ"
"Đường Huỳnh Thị Mài, Xã Tân Hiệp, Huyện Hóc Môn, Tp Hồ Chí Minh",,16 m,300 m²,300 m²,2039 m²,"- 83,33 triệu/m²",6 phòng,2,4 phòng,Nhà biệt thự,Đã có sổ,,Đông,Nội thất đầy đủ,25 tỷ
"Đường Huỳnh Tấn Phát, Xã Phú Xuân, Huyện Nhà Bè, Tp Hồ Chí Minh",12 m,3 m,36 m²,36 m²,,"- 44,17 triệu/m²",2 phòng,2,2 phòng,"Nhà ngõ, hẻm",Sổ chung / công chứng vi bằng,,,Hoàn thiện cơ bản,"1,59 tỷ"
"Đường Huỳnh Khương An, Phường 5, Quận Gò Vấp, Tp Hồ Chí Minh",11 m,3.5 m,40 m²,40 m²,139 m²,"- 111,25 triệu/m²",3 phòng,,3 phòng,"Nhà ngõ, hẻm",Đã có sổ,Hẻm xe hơi,Đông Bắc,,"4,45 tỷ"
"song hành, Xã Trung Chánh, Huyện Hóc Môn, Tp Hồ Chí Minh",,,35 m²,35 m²,,"- 41,43 triệu/m²",2 phòng,,,"Nhà ngõ, hẻm",Sổ chung / công chứng vi bằng,,,,"1,45 tỷ"
"672, Đường Huỳnh Tấn Phát, Phường Tân Phú, Quận 7, Tp Hồ Chí Minh",6 m,3 m,18 m²,18 m²,36 m²,"- 43,33 triệu/m²",1 phòng,1,1 phòng,"Nhà ngõ, hẻm",Đã có sổ,,,Hoàn thiện cơ bản,780 triệu
"Đường Thới An 10, Phường Thới An, Quận 12, Tp Hồ Chí Minh",9 m,3.2 m,28 m²,28 m²,100 m²,"- 69,64 triệu/m²",4 phòng,3,3 phòng,"Nhà ngõ, hẻm",Sổ chung / công chứng vi bằng,Hẻm xe hơi,Tây,Nội thất cao cấp,"1,95 tỷ"
"DHT02, Phường Tân Hưng Thuận, Quận 12, Tp Hồ Chí Minh",9 m,3.2 m,29 m²,29 m²,,"- 54,83 triệu/m²",2 phòng,,,"Nhà ngõ, hẻm",Đã có sổ,,,,"1,59 tỷ"
"594, Đường Âu Cơ, Phường 10, Quận Tân Bình, Tp Hồ Chí Minh",6.5 m,3 m,18 m²,18 m²,36 m²,"- 158,33 triệu/m²",2 phòng,2,2 phòng,"Nhà ngõ, hẻm",Đã có sổ,,Bắc,,"2,85 tỷ"
"Đường số 1, Phường Long Trường (Quận 9 cũ), Thành phố Thủ Đức, Tp Hồ Chí Minh",10 m,4.2 m,40 m²,40 m²,65 m²,"- 22,50 triệu/m²",2 phòng,1,1 phòng,"Nhà mặt phố, mặt tiền",Sổ chung / công chứng vi bằng,Hiện trạng khác,Nam,,900 triệu
"Đường Số 32, Phường Linh Đông (Quận Thủ Đức cũ), Thành phố Thủ Đức, Tp Hồ Chí Minh",25 m,4.4 m,105 m²,105 m²,150 m²,- 60 triệu/m²,3 phòng,2,3 phòng,"Nhà mặt phố, mặt tiền",Đã có sổ,Hẻm xe hơi,Tây Nam,Hoàn thiện cơ bản,"6,3 tỷ"
"916, Đường Lạc Long Quân, Phường 8, Quận 11, Tp Hồ Chí Minh",14 m,4 m,56 m²,56 m²,56 m²,"- 93,75 triệu/m²",1 phòng,1,1 phòng,"Nhà ngõ, hẻm",Đã có sổ,Hẻm xe hơi,,,"5,25 tỷ"
"Quang Trung, Phường 14, Quận Gò Vấp, Tp Hồ Chí Minh",23 m,10 m,230 m²,230 m²,750 m²,"- 97,83 triệu/m²",4 phòng,4,5 phòng,"Nhà ngõ, hẻm",Đã có sổ,"Hẻm xe hơi,Nhà nở hậu",,,"22,5 tỷ"
"Đường Quang Trung, Phường 11, Quận Gò Vấp, Tp Hồ Chí Minh",25 m,4.3 m,111 m²,111 m²,175 m²,"- 112,61 triệu/m²",4 phòng,4,5 phòng,"Nhà ngõ, hẻm",Đã có sổ,"Hẻm xe hơi,Nhà nở hậu",,,"12,5 tỷ"
"Đường Minh Phụng, Phường 9, Quận 11, Tp Hồ Chí Minh",10 m,3.5 m,35 m²,35 m²,146 m²,"- 251,43 triệu/m²",4 phòng,4,3 phòng,"Nhà mặt phố, mặt tiền",Đã có sổ,Hẻm xe hơi,Nam,,"8,8 tỷ"
"Đường Phạm Văn Chiêu, Phường 14, Quận Gò Vấp, Tp Hồ Chí Minh",9 m,3 m,27 m²,27 m²,27 m²,"- 147,04 triệu/m²",3 phòng,2,3 phòng,"Nhà mặt phố, mặt tiền",Đã có sổ,,,,"3,97 tỷ"
"Đường Trần Văn Quang, Phường 10, Quận Tân Bình, Tp Hồ Chí Minh",11 m,4 m,44 m²,44 m²,145 m²,"- 165,91 triệu/m²",3 phòng,3,4 phòng,"Nhà ngõ, hẻm",Đã có sổ,"Hẻm xe hơi,Nhà nở hậu",Nam,,"7,3 tỷ"
"Đường Lê Văn Thọ, Phường 11, Quận Gò Vấp, Tp Hồ Chí Minh",12 m,4 m,48 m²,48 m²,210 m²,"- 187,29 triệu/m²",4 phòng,5,4 phòng,"Nhà ngõ, hẻm",Đã có sổ,Hẻm xe hơi,,Nội thất cao cấp,"8,99 tỷ"
"Đường Đào Tông Nguyên, Thị trấn Nhà Bè, Huyện Nhà Bè, Tp Hồ Chí Minh",13 m,4.5 m,59 m²,59 m²,,"- 106,78 triệu/m²",4 phòng,3,3 phòng,"Nhà mặt phố, mặt tiền",Đã có sổ,Hẻm xe hơi,,Nội thất cao cấp,"6,3 tỷ"
"Hồ văn Long , Phường Bình Hưng Hoà B, Quận Bình Tân, Tp Hồ Chí Minh",12 m,4 m,48 m²,48 m²,80 m²,"- 72,92 triệu/m²",2 phòng,,,"Nhà ngõ, hẻm",Đã có sổ,,,,"3,5 tỷ"
"Đường 3 Tháng 2, Phường 11, Quận 10, Tp Hồ Chí Minh",,,38 m²,38 m²,,"- 181,58 triệu/m²",3 phòng,,,"Nhà ngõ, hẻm",Đã có sổ,,,,"6,9 tỷ"
"Đường Tân Kỳ Tân Quý, Phường Tân Quý, Quận Tân Phú, Tp Hồ Chí Minh",9 m,4 m,36 m²,36 m²,72 m²,"- 81,94 triệu/m²",2 phòng,2,2 phòng,"Nhà ngõ, hẻm",Đã có sổ,Hẻm xe hơi,,Nội thất cao cấp,"2,95 tỷ"
"Đường Tân Kỳ Tân Quý, Phường Tân Quý, Quận Tân Phú, Tp Hồ Chí Minh",9 m,4 m,36 m²,36 m²,72 m²,"- 81,94 triệu/m²",2 phòng,2,2 phòng,"Nhà ngõ, hẻm",Đã có sổ,Hẻm xe hơi,,Nội thất cao cấp,"2,95 tỷ"
"Đường Lê Trọng Tấn, Phường Tây Thạnh, Quận Tân Phú, Tp Hồ Chí Minh",,4.5 m,69 m²,69 m²,,"- 72,48 triệu/m²",3 phòng,,,"Nhà ngõ, hẻm",Đã có sổ,,,,5 tỷ
"Đường Trần Thủ Độ, Phường Phú Thạnh, Quận Tân Phú, Tp Hồ Chí Minh",,,45 m²,45 m²,,"- 95,56 triệu/m²",2 phòng,,2 phòng,"Nhà mặt phố, mặt tiền",Đã có sổ,"Hẻm xe hơi,Nhà nở hậu",,Nội thất cao cấp,"4,3 tỷ"
"Lê Đức Thọ, Phường 6, Quận Gò Vấp, Tp Hồ Chí Minh",,,12.5 m²,,,- 100 triệu/m²,1 phòng,2,1 phòng,"Nhà ngõ, hẻm",Đã có sổ,,Đông Bắc,Nội thất đầy đủ,"1,25 tỷ"
"Đường Nguyễn Bặc, Phường 3, Quận Tân Bình, Tp Hồ Chí Minh",13 m,4 m,52 m²,52 m²,,"- 155,77 triệu/m²",3 phòng,4,3 phòng,"Nhà ngõ, hẻm",Đã có sổ,"Hẻm xe hơi,Nhà nở hậu",,,"8,1 tỷ"
"Đường Nguyễn Trãi, Phường Nguyễn Cư Trinh, Quận 1, Tp Hồ Chí Minh",20 m,5 m,100 m²,100 m²,,- 500 triệu/m²,6 phòng,,Nhiều hơn 6 phòng,"Nhà ngõ, hẻm",Đã có sổ,Hẻm xe hơi,,,50 tỷ
"Đường Vườn Lài, Phường Phú Thọ Hòa, Quận Tân Phú, Tp Hồ Chí Minh",,,60 m²,60 m²,,"- 78,33 triệu/m²",3 phòng,,,"Nhà ngõ, hẻm",Đã có sổ,"Hẻm xe hơi,Nhà nở hậu",,,"4,7 tỷ"
"Đường Nguyễn Văn Bứa, Xã Xuân Thới Thượng, Huyện Hóc Môn, Tp Hồ Chí Minh",3 m,4 m,12 m²,12 m²,16 m²,"- 31,67 triệu/m²",2 phòng,,2 phòng,"Nhà ngõ, hẻm",Đã có sổ,Hẻm xe hơi,,,380 triệu
"Đường Tân Liêm, Xã Phong Phú, Huyện Bình Chánh, Tp Hồ Chí Minh",17 m,5 m,85 m²,85 m²,85 m²,"- 19,41 triệu/m²",3 phòng,,3 phòng,"Nhà mặt phố, mặt tiền",Đã có sổ,,,,"1,65 tỷ"
"Bàu Gốc, Xã Tân Kiên, Huyện Bình Chánh, Tp Hồ Chí Minh",16 m,5 m,80 m²,80 m²,70 m²,"- 20,62 triệu/m²",4 phòng,,4 phòng,"Nhà mặt phố, mặt tiền",Đã có sổ,Hẻm xe hơi,,Nội thất đầy đủ,"1,65 tỷ"
"Đường Số 13, Phường Bình Hưng Hoà A, Quận Bình Tân, Tp Hồ Chí Minh",6 m,3 m,18 m²,18 m²,,"- 91,67 triệu/m²",2 phòng,3,,"Nhà ngõ, hẻm",Đã có sổ,Hẻm xe hơi,,,"1,65 tỷ"
"Đường Trần Đại Nghĩa, Xã Tân Kiên, Huyện Bình Chánh, Tp Hồ Chí Minh",14 m,4 m,56 m²,,56 m²,"- 62,50 triệu/m²",3 phòng,,2 phòng,"Nhà mặt phố, mặt tiền",Đã có sổ,,,,"3,5 tỷ"
"173/, Đường Bờ Bao Tân Thắng, Phường Sơn Kỳ, Quận Tân Phú, Tp Hồ Chí Minh",14.5 m,4.2 m,59.2 m²,59.2 m²,75 m²,"- 96,08 triệu/m²",1 phòng,,1 phòng,"Nhà ngõ, hẻm",Đã có sổ,"Hẻm xe hơi,Nhà nở hậu",Tây Bắc,Hoàn thiện cơ bản,"5,688 tỷ"
"Đường Lê Đình Cẩn, Phường Tân Tạo, Quận Bình Tân, Tp Hồ Chí Minh",20 m,5 m,100 m²,100 m²,100 m²,"- 53,50 triệu/m²",1 phòng,1,1 phòng,"Nhà ngõ, hẻm",Đã có sổ,,Tây,,"5,35 tỷ"
"Đường Lâm Văn Bền, Phường Tân Quy, Quận 7, Tp Hồ Chí Minh",8 m,4 m,30 m²,30 m²,60 m²,- 140 triệu/m²,2 phòng,1,2 phòng,"Nhà mặt phố, mặt tiền",Đã có sổ,Hẻm xe hơi,,,"4,2 tỷ"
"31, 3A, Phường Bình Hưng Hoà A, Quận Bình Tân, Tp Hồ Chí Minh",8 m,3 m,24 m²,24 m²,,"- 104,17 triệu/m²",2 phòng,,,"Nhà ngõ, hẻm",Đã có sổ,Hẻm xe hơi,,,"2,5 tỷ"
"Đường Huỳnh Tấn Phát, Phường Tân Thuận Đông, Quận 7, Tp Hồ Chí Minh",16.5 m,4.1 m,69 m²,69 m²,,"- 68,12 triệu/m²",6 phòng,,6 phòng,"Nhà ngõ, hẻm",Đã có sổ,,,Nội thất đầy đủ,"4,7 tỷ"
"Đường Hồ Học Lãm, Phường An Lạc, Quận Bình Tân, Tp Hồ Chí Minh",14 m,5 m,60 m²,60 m²,60 m²,"- 79,17 triệu/m²",2 phòng,2,2 phòng,"Nhà mặt phố, mặt tiền",Đã có sổ,Hẻm xe hơi,Đông Nam,Nội thất cao cấp,"4,75 tỷ"
"Đường Đỗ Xuân Hợp, Phường Phước Long B (Quận 9 cũ), Thành phố Thủ Đức, Tp Hồ Chí Minh",15 m,4.5 m,75 m²,75 m²,75 m²,- 80 triệu/m²,4 phòng,3,4 phòng,"Nhà ngõ, hẻm",Đã có sổ,"Hẻm xe hơi,Nhà nở hậu",,Nội thất đầy đủ,6 tỷ
"18, Phường Linh Trung (Quận Thủ Đức cũ), Thành phố Thủ Đức, Tp Hồ Chí Minh",12 m,7 m,83.7 m²,83.7 m²,,"- 47,79 triệu/m²",2 phòng,,2 phòng,"Nhà ngõ, hẻm",Đã có sổ,,,,4 tỷ
"523/16G, Đường Tùng Thiện Vương, Phường 12, Quận 8, Tp Hồ Chí Minh",7 m,3 m,21 m²,21 m²,42 m²,"- 9,43 tỷ/m²",2 phòng,2,1 phòng,"Nhà ngõ, hẻm",Đã có sổ,Hẻm xe hơi,Đông Bắc,Nội thất đầy đủ,198 tỷ
"Đường Tên Lửa, Phường Bình Trị Đông B, Quận Bình Tân, Tp Hồ Chí Minh",20 m,4.5 m,90 m²,90 m²,225 m²,"- 125,56 triệu/m²",5 phòng,4,4 phòng,"Nhà mặt phố, mặt tiền",Đã có sổ,,Bắc,,"11,3 tỷ"
"Đường Nguyễn Tri Phương, Phường 6, Quận 5, Tp Hồ Chí Minh",11 m,4.3 m,45.9 m²,45.9 m²,45.9 m²,"- 370,37 triệu/m²",7 phòng,5,5 phòng,"Nhà mặt phố, mặt tiền",Đã có sổ,,,Nội thất đầy đủ,17 tỷ
"Đường Dương Đình Cúc, Xã Tân Kiên, Huyện Bình Chánh, Tp Hồ Chí Minh",,,116 m²,116 m²,,"- 9,91 triệu/m²",3 phòng,,,"Nhà ngõ, hẻm",Đã có sổ,Hẻm xe hơi,,,"1,15 tỷ"
"Đường số 48, Phường Hiệp Bình Chánh (Quận Thủ Đức cũ), Thành phố Thủ Đức, Tp Hồ Chí Minh",23 m,4 m,91.6 m²,91.6 m²,196.6 m²,"- 86,79 triệu/m²",4 phòng,4,4 phòng,"Nhà ngõ, hẻm",Đã có sổ,Hẻm xe hơi,Đông Bắc,Nội thất đầy đủ,"7,95 tỷ"
"Đường Đỗ Nhuận, Phường Sơn Kỳ, Quận Tân Phú, Tp Hồ Chí Minh",11.5 m,5.5 m,66 m²,66 m²,,"- 80,15 triệu/m²",2 phòng,2,2 phòng,"Nhà ngõ, hẻm",Đã có sổ,Hẻm xe hơi,,Nội thất đầy đủ,"5,29 tỷ"
"Đường Phan Huy ích, Phường 15, Quận Tân Bình, Tp Hồ Chí Minh",19 m,4 m,76 m²,76 m²,,"- 123,68 triệu/m²",4 phòng,2,2 phòng,"Nhà ngõ, hẻm",Đã có sổ,Hẻm xe hơi,,Nội thất đầy đủ,"9,4 tỷ"
"Đường Dương Đức Hiền, Phường Tây Thạnh, Quận Tân Phú, Tp Hồ Chí Minh",18 m,16 m,283 m²,283 m²,176 m²,"- 159,01 triệu/m²",1 phòng,1,1 phòng,"Nhà mặt phố, mặt tiền",Đã có sổ,"Hẻm xe hơi,Nhà nở hậu",Tây,Hoàn thiện cơ bản,45 tỷ
"Đường Nguyễn Văn Khối, Phường 9, Quận Gò Vấp, Tp Hồ Chí Minh",13 m,3.2 m,40 m²,40 m²,85 m²,"- 121,25 triệu/m²",2 phòng,1,2 phòng,Nhà phố liền kề,Đã có sổ,Hẻm xe hơi,Đông Bắc,Hoàn thiện cơ bản,"4,85 tỷ"
"Đường Phạm Văn Bạch, Phường 15, Quận Tân Bình, Tp Hồ Chí Minh",12 m,4.1 m,50 m²,50 m²,160 m²,"- 149,80 triệu/m²",3 phòng,,4 phòng,"Nhà ngõ, hẻm",Đã có sổ,Hẻm xe hơi,Tây Nam,Nội thất cao cấp,"7,49 tỷ"
"Đường Lương Ngọc Quyến, Phường 5, Quận Gò Vấp, Tp Hồ Chí Minh",11 m,3.6 m,39.6 m²,39.6 m²,39.6 m²,"- 66,92 triệu/m²",2 phòng,1,2 phòng,"Nhà ngõ, hẻm",Đã có sổ,Hẻm xe hơi,,Hoàn thiện cơ bản,"2,65 tỷ"
"Đường Thạnh Xuân 48, Phường Thạnh Xuân, Quận 12, Tp Hồ Chí Minh",33 m,5 m,156 m²,156 m²,156 m²,"- 36,22 triệu/m²",2 phòng,1,2 phòng,"Nhà mặt phố, mặt tiền",Đã có sổ,,,,"5,65 tỷ"
"Tây lân, Phường Tân Tạo, Quận Bình Tân, Tp Hồ Chí Minh",13 m,4 m,52 m²,52 m²,52 m²,"- 74,04 triệu/m²",3 phòng,2,2 phòng,"Nhà mặt phố, mặt tiền",Đã có sổ,Hẻm xe hơi,,,"3,85 tỷ"
"Đường Nguyễn Hữu Dật, Phường Tây Thạnh, Quận Tân Phú, Tp Hồ Chí Minh",24 m,7 m,168 m²,168 m²,189 m²,"- 92,26 triệu/m²",3 phòng,,3 phòng,Nhà biệt thự,Đã có sổ,Hẻm xe hơi,,Nội thất đầy đủ,"15,5 tỷ"
"Đường Bà Triệu, Thị trấn Hóc Môn, Huyện Hóc Môn, Tp Hồ Chí Minh",5.8 m,3.8 m,20 m²,20 m²,,"- 67,50 triệu/m²",1 phòng,,,"Nhà ngõ, hẻm",Đã có sổ,Nhà nở hậu,,,"1,35 tỷ"
"Đường Nguyễn Cư Trinh, Phường Nguyễn Cư Trinh, Quận 1, Tp Hồ Chí Minh",12 m,4.7 m,56.7 m²,56.7 m²,56.7 m²,"- 507,94 triệu/m²",3 phòng,5,4 phòng,"Nhà mặt phố, mặt tiền",Đã có sổ,,,Nội thất đầy đủ,"28,8 tỷ"
"Đường Đoàn Giỏi, Phường Sơn Kỳ, Quận Tân Phú, Tp Hồ Chí Minh",13 m,5 m,65 m²,65 m²,100 m²,"- 71,54 triệu/m²",2 phòng,2,2 phòng,"Nhà ngõ, hẻm",Đã có sổ,Hẻm xe hơi,,,"4,65 tỷ"
"Đường Hương Lộ 2, Phường Bình Trị Đông A, Quận Bình Tân, Tp Hồ Chí Minh",14 m,4 m,70 m²,70 m²,,"- 75,71 triệu/m²",4 phòng,3,5 phòng,"Nhà mặt phố, mặt tiền",Đã có sổ,,,Nội thất cao cấp,"5,3 tỷ"
"Đường Lê Văn Quới, Phường Bình Trị Đông A, Quận Bình Tân, Tp Hồ Chí Minh",10 m,5 m,50 m²,50 m²,,- 117 triệu/m²,4 phòng,4,5 phòng,"Nhà mặt phố, mặt tiền",Đã có sổ,Hẻm xe hơi,,,"5,85 tỷ"
"Đường Chiến Lược, Phường Bình Trị Đông, Quận Bình Tân, Tp Hồ Chí Minh",11.1 m,4 m,44.4 m²,44.4 m²,,"- 119,14 triệu/m²",4 phòng,4,3 phòng,"Nhà mặt phố, mặt tiền",Đã có sổ,Hẻm xe hơi,,Nội thất cao cấp,"5,29 tỷ"
"Đường Liên khu 4-5, Phường Bình Hưng Hoà B, Quận Bình Tân, Tp Hồ Chí Minh",,4.512 m,54 m²,54 m²,,"- 68,33 triệu/m²",3 phòng,3,2 phòng,"Nhà ngõ, hẻm",Đã có sổ,"Hẻm xe hơi,Nhà nở hậu",,Nội thất cao cấp,"3,69 tỷ"
"Đường Tân Hương, Phường Tân Quý, Quận Tân Phú, Tp Hồ Chí Minh",20 m,4.5 m,90 m²,90 m²,,"- 71,67 triệu/m²",4 phòng,2,2 phòng,"Nhà ngõ, hẻm",Đã có sổ,"Hẻm xe hơi,Nhà nở hậu",,Nội thất đầy đủ,"6,45 tỷ"
"Đường Lý Thường Kiệt, Phường 9, Quận Tân Bình, Tp Hồ Chí Minh",8 m,3.3 m,29 m²,29 m²,,"- 118,97 triệu/m²",3 phòng,,,"Nhà ngõ, hẻm",Đã có sổ,,,,"3,45 tỷ"
"Tỉnh Lộ 10, Phường Bình Trị Đông, Quận Bình Tân, Tp Hồ Chí Minh",37 m,8.2 m,300 m²,300 m²,500 m²,"- 58,33 triệu/m²",8 phòng,1,6 phòng,"Nhà ngõ, hẻm",Đã có sổ,"Hẻm xe hơi,Nhà nở hậu",Tây Nam,Nội thất đầy đủ,"17,5 tỷ"
"Lạc long quân, Phường 10, Quận Tân Bình, Tp Hồ Chí Minh",10 m,2.6 m,23 m²,23 m²,46 m²,"- 115,65 triệu/m²",2 phòng,2,1 phòng,"Nhà ngõ, hẻm",Đã có sổ,,,,"2,66 tỷ"
"Đường Năm Châu, Phường 11, Quận Tân Bình, Tp Hồ Chí Minh",13 m,8 m,104 m²,104 m²,245 m²,"- 92,31 triệu/m²",6 phòng,2,6 phòng,"Nhà ngõ, hẻm",Đã có sổ,Hẻm xe hơi,,Nội thất đầy đủ,"9,6 tỷ"
"Đường Ngô Quyền, Phường 6, Quận 10, Tp Hồ Chí Minh",,,45 m²,45 m²,,- 220 triệu/m²,6 phòng,,,"Nhà ngõ, hẻm",Đã có sổ,,,,"9,9 tỷ"
"Đường Lê Văn Khương, Phường Thới An, Quận 12, Tp Hồ Chí Minh",15 m,4 m,60 m²,60 m²,100 m²,"- 61,50 triệu/m²",3 phòng,1,2 phòng,"Nhà ngõ, hẻm",Đã có sổ,Hẻm xe hơi,Đông Nam,Hoàn thiện cơ bản,"3,69 tỷ"
"Đường Chế Lan Viên, Phường Tây Thạnh, Quận Tân Phú, Tp Hồ Chí Minh",17 m,5 m,85 m²,85 m²,85 m²,- 90 triệu/m²,2 phòng,,,"Nhà ngõ, hẻm",Đã có sổ,,,,"7,65 tỷ"
"Đường Đông Thạnh 5, Xã Đông Thạnh, Huyện Hóc Môn, Tp Hồ Chí Minh",9 m,3.2 m,28.8 m²,28.8 m²,,"- 41,67 triệu/m²",2 phòng,,,"Nhà ngõ, hẻm",Sổ chung / công chứng vi bằng,,,,"1,2 tỷ"
Đường Phan Văn Hớn,19 m,30 m,560 m²,560 m²,560 m²,"- 25,45 triệu/m²",4 phòng,,3 phòng,"Nhà ngõ, hẻm",Đã có sổ,Hẻm xe hơi,,,"14,25 tỷ"
Đường Phan Văn Hớn,30 m,9.2 m,280 m²,280 m²,280 m²,"- 24,64 triệu/m²",2 phòng,,2 phòng,"Nhà mặt phố, mặt tiền",Đã có sổ,Hẻm xe hơi,Tây Nam,,"6,9 tỷ"
"Đường Trung Mỹ Tân Xuân, Xã Tân Xuân, Huyện Hóc Môn, Tp Hồ Chí Minh",26 m,4 m,102 m²,102 m²,150 m²,"- 74,51 triệu/m²",3 phòng,3,3 phòng,"Nhà mặt phố, mặt tiền",Đã có sổ,,Đông Bắc,,"7,6 tỷ"
"Đường Trần Thị Bốc, Xã Thới Tam Thôn, Huyện Hóc Môn, Tp Hồ Chí Minh",10 m,4 m,40 m²,40 m²,,"- 41,25 triệu/m²",2 phòng,,,"Nhà ngõ, hẻm",Sổ chung / công chứng vi bằng,,,,"1,65 tỷ"
